filename,label
image0.jpg,3
image1.jpg,1
image2.jpg,1
image3.jpg,1
image4.jpg,1
image5.jpg,5
image6.jpg,5
image7.jpg,1
image8.jpg,1
image9.jpg,1
image10.jpg,1
image11.jpg,1
image12.jpg,2
image13.jpg,1
image14.jpg,1
image15.jpg,3
image16.jpg,1
image17.jpg,1
image18.jpg,1
image19.jpg,1
image20.jpg,1
image21.jpg,1
image22.jpg,1
image23.jpg,5
image24.jpg,1
image25.jpg,1
image26.jpg,1
image27.jpg,1
image28.jpg,1
image29.jpg,1
image30.jpg,1
image31.jpg,1
image32.jpg,2
image33.jpg,1
image34.jpg,1
image35.jpg,1
image36.jpg,5
image37.jpg,1
image38.jpg,1
image39.jpg,1
image40.jpg,1
image41.jpg,1
image42.jpg,1
image43.jpg,3
image44.jpg,5
image45.jpg,4
image46.jpg,1
image47.jpg,4
image48.jpg,1
image49.jpg,1
image50.jpg,1
image51.jpg,1
image52.jpg,1
image53.jpg,1
image54.jpg,1
image55.jpg,3
image56.jpg,1
image57.jpg,1
image58.jpg,1
image59.jpg,1
image60.jpg,1
image61.jpg,1
image62.jpg,5
image63.jpg,1
image64.jpg,1
image65.jpg,1
image66.jpg,1
image67.jpg,1
image68.jpg,1
image69.jpg,1
image70.jpg,2
image71.jpg,2
image72.jpg,1
image73.jpg,1
image74.jpg,1
image75.jpg,1
image76.jpg,3
image77.jpg,1
image78.jpg,1
image79.jpg,1
image80.jpg,1
image81.jpg,1
image82.jpg,1
image83.jpg,1
image84.jpg,5
image85.jpg,1
image86.jpg,1
image87.jpg,2
image88.jpg,1
image89.jpg,1
image90.jpg,1
image91.jpg,1
image92.jpg,5
image93.jpg,1
image94.jpg,1
image95.jpg,1
image96.jpg,1
image97.jpg,5
image98.jpg,1
image99.jpg,1
image100.jpg,1
image101.jpg,1
image102.jpg,3
image103.jpg,1
image104.jpg,1
image105.jpg,1
image106.jpg,5
image107.jpg,1
image108.jpg,1
image109.jpg,1
image110.jpg,1
image111.jpg,2
image112.jpg,1
image113.jpg,1
image114.jpg,5
image115.jpg,5
image116.jpg,1
image117.jpg,5
image118.jpg,1
image119.jpg,1
image120.jpg,1
image121.jpg,1
image122.jpg,1
image123.jpg,1
image124.jpg,1
image125.jpg,1
image126.jpg,1
image127.jpg,5
image128.jpg,5
image129.jpg,1
image130.jpg,1
image131.jpg,1
image132.jpg,1
image133.jpg,5
image134.jpg,1
image135.jpg,3
image136.jpg,1
image137.jpg,1
image138.jpg,1
image139.jpg,1
image140.jpg,1
image141.jpg,5
image142.jpg,1
image143.jpg,1
image144.jpg,1
image145.jpg,5
image146.jpg,1
image147.jpg,1
image148.jpg,1
image149.jpg,1
image150.jpg,1
image151.jpg,2
image152.jpg,3
image153.jpg,1
image154.jpg,1
image155.jpg,1
image156.jpg,3
image157.jpg,3
image158.jpg,1
image159.jpg,1
image160.jpg,1
image161.jpg,2
image162.jpg,3
image163.jpg,1
image164.jpg,1
image165.jpg,1
image166.jpg,1
image167.jpg,5
image168.jpg,1
image169.jpg,1
image170.jpg,1
image171.jpg,5
image172.jpg,1
image173.jpg,1
image174.jpg,1
image175.jpg,1
image176.jpg,2
image177.jpg,1
image178.jpg,1
image179.jpg,1
image180.jpg,5
image181.jpg,1
image182.jpg,1
image183.jpg,3
image184.jpg,1
image185.jpg,1
image186.jpg,2
image187.jpg,1
image188.jpg,1
image189.jpg,1
image190.jpg,1
image191.jpg,1
image192.jpg,1
image193.jpg,1
image194.jpg,3
image195.jpg,1
image196.jpg,1
image197.jpg,1
image198.jpg,3
image199.jpg,1
image200.jpg,1
image201.jpg,1
image202.jpg,2
image203.jpg,1
image204.jpg,1
image205.jpg,3
image206.jpg,5
image207.jpg,3
image208.jpg,1
image209.jpg,1
image210.jpg,1
image211.jpg,1
image212.jpg,1
image213.jpg,1
image214.jpg,1
image215.jpg,1
image216.jpg,1
image217.jpg,1
image218.jpg,1
image219.jpg,3
image220.jpg,5
image221.jpg,1
image222.jpg,5
image223.jpg,1
image224.jpg,1
image225.jpg,3
image226.jpg,1
image227.jpg,5
image228.jpg,1
image229.jpg,1
image230.jpg,1
image231.jpg,1
image232.jpg,1
image233.jpg,1
image234.jpg,1
image235.jpg,1
image236.jpg,1
image237.jpg,1
image238.jpg,1
image239.jpg,1
image240.jpg,1
image241.jpg,1
image242.jpg,1
image243.jpg,1
image244.jpg,1
image245.jpg,1
image246.jpg,1
image247.jpg,3
image248.jpg,1
image249.jpg,1
image250.jpg,1
image251.jpg,5
image252.jpg,1
image253.jpg,1
image254.jpg,1
image255.jpg,1
image256.jpg,1
image257.jpg,1
image258.jpg,1
image259.jpg,1
image260.jpg,1
image261.jpg,1
image262.jpg,1
image263.jpg,1
image264.jpg,3
image265.jpg,1
image266.jpg,5
image267.jpg,5
image268.jpg,1
image269.jpg,5
image270.jpg,1
image271.jpg,1
image272.jpg,1
image273.jpg,1
image274.jpg,1
image275.jpg,1
image276.jpg,1
image277.jpg,1
image278.jpg,1
image279.jpg,3
image280.jpg,1
image281.jpg,1
image282.jpg,1
image283.jpg,1
image284.jpg,5
image285.jpg,1
image286.jpg,1
image287.jpg,1
image288.jpg,1
image289.jpg,5
image290.jpg,1
image291.jpg,1
image292.jpg,5
image293.jpg,1
image294.jpg,1
image295.jpg,1
image296.jpg,1
image297.jpg,1
image298.jpg,1
image299.jpg,1
image300.jpg,1
image301.jpg,5
image302.jpg,1
image303.jpg,1
image304.jpg,1
image305.jpg,5
image306.jpg,1
image307.jpg,1
image308.jpg,1
image309.jpg,1
image310.jpg,2
image311.jpg,2
image312.jpg,1
image313.jpg,1
image314.jpg,1
image315.jpg,1
image316.jpg,1
image317.jpg,3
image318.jpg,1
image319.jpg,1
image320.jpg,1
image321.jpg,1
image322.jpg,1
image323.jpg,1
image324.jpg,1
image325.jpg,1
image326.jpg,5
image327.jpg,2
image328.jpg,1
image329.jpg,1
image330.jpg,5
image331.jpg,1
image332.jpg,1
image333.jpg,1
image334.jpg,1
image335.jpg,1
image336.jpg,1
image337.jpg,1
image338.jpg,3
image339.jpg,1
image340.jpg,2
image341.jpg,2
image342.jpg,1
image343.jpg,1
image344.jpg,1
image345.jpg,1
image346.jpg,1
image347.jpg,1
image348.jpg,1
image349.jpg,1
image350.jpg,3
image351.jpg,1
image352.jpg,1
image353.jpg,1
image354.jpg,1
image355.jpg,1
image356.jpg,1
image357.jpg,1
image358.jpg,3
image359.jpg,3
image360.jpg,1
image361.jpg,1
image362.jpg,3
image363.jpg,1
image364.jpg,5
image365.jpg,1
image366.jpg,5
image367.jpg,1
image368.jpg,1
image369.jpg,1
image370.jpg,1
image371.jpg,1
image372.jpg,1
image373.jpg,5
image374.jpg,1
image375.jpg,1
image376.jpg,1
image377.jpg,1
image378.jpg,1
image379.jpg,1
image380.jpg,1
image381.jpg,1
image382.jpg,1
image383.jpg,5
image384.jpg,1
image385.jpg,1
image386.jpg,5
image387.jpg,2
image388.jpg,1
image389.jpg,5
image390.jpg,3
image391.jpg,1
image392.jpg,1
image393.jpg,1
image394.jpg,1
image395.jpg,1
image396.jpg,1
image397.jpg,1
image398.jpg,5
image399.jpg,1
image400.jpg,1
image401.jpg,2
image402.jpg,3
image403.jpg,3
image404.jpg,1
image405.jpg,5
image406.jpg,1
image407.jpg,1
image408.jpg,3
image409.jpg,3
image410.jpg,1
image411.jpg,1
image412.jpg,1
image413.jpg,1
image414.jpg,1
image415.jpg,1
image416.jpg,1
image417.jpg,2
image418.jpg,1
image419.jpg,1
image420.jpg,1
image421.jpg,1
image422.jpg,1
image423.jpg,1
image424.jpg,1
image425.jpg,2
image426.jpg,1
image427.jpg,1
image428.jpg,3
image429.jpg,1
image430.jpg,1
image431.jpg,1
image432.jpg,1
image433.jpg,1
image434.jpg,5
image435.jpg,2
image436.jpg,1
image437.jpg,5
image438.jpg,1
image439.jpg,1
image440.jpg,1
image441.jpg,5
image442.jpg,5
image443.jpg,1
image444.jpg,5
image445.jpg,5
image446.jpg,1
image447.jpg,1
image448.jpg,1
image449.jpg,1
image450.jpg,3
image451.jpg,5
image452.jpg,5
image453.jpg,3
image454.jpg,1
image455.jpg,1
image456.jpg,1
image457.jpg,3
image458.jpg,1
image459.jpg,1
image460.jpg,1
image461.jpg,1
image462.jpg,1
image463.jpg,2
image464.jpg,1
image465.jpg,1
image466.jpg,1
image467.jpg,1
image468.jpg,1
image469.jpg,1
image470.jpg,1
image471.jpg,1
image472.jpg,2
image473.jpg,5
image474.jpg,2
image475.jpg,1
image476.jpg,5
image477.jpg,5
image478.jpg,1
image479.jpg,1
image480.jpg,1
image481.jpg,1
image482.jpg,5
image483.jpg,1
image484.jpg,1
image485.jpg,1
image486.jpg,1
image487.jpg,2
image488.jpg,1
image489.jpg,1
image490.jpg,1
image491.jpg,1
image492.jpg,1
image493.jpg,1
image494.jpg,1
image495.jpg,1
image496.jpg,1
image497.jpg,1
image498.jpg,1
image499.jpg,1
image500.jpg,1
image501.jpg,5
image502.jpg,1
image503.jpg,2
image504.jpg,1
image505.jpg,1
image506.jpg,1
image507.jpg,3
image508.jpg,1
image509.jpg,1
image510.jpg,1
image511.jpg,1
image512.jpg,2
image513.jpg,1
image514.jpg,1
image515.jpg,1
image516.jpg,5
image517.jpg,1
image518.jpg,1
image519.jpg,1
image520.jpg,1
image521.jpg,1
image522.jpg,1
image523.jpg,3
image524.jpg,2
image525.jpg,5
image526.jpg,4
image527.jpg,1
image528.jpg,1
image529.jpg,1
image530.jpg,1
image531.jpg,1
image532.jpg,1
image533.jpg,2
image534.jpg,1
image535.jpg,1
image536.jpg,5
image537.jpg,1
image538.jpg,1
image539.jpg,1
image540.jpg,5
image541.jpg,1
image542.jpg,1
image543.jpg,1
image544.jpg,2
image545.jpg,1
image546.jpg,1
image547.jpg,1
image548.jpg,1
image549.jpg,1
image550.jpg,1
image551.jpg,1
image552.jpg,5
image553.jpg,1
image554.jpg,1
image555.jpg,5
image556.jpg,1
image557.jpg,1
image558.jpg,2
image559.jpg,1
image560.jpg,1
image561.jpg,5
image562.jpg,1
image563.jpg,1
image564.jpg,1
image565.jpg,5
image566.jpg,1
image567.jpg,1
image568.jpg,1
image569.jpg,1
image570.jpg,4
image571.jpg,1
image572.jpg,1
image573.jpg,1
image574.jpg,1
image575.jpg,3
image576.jpg,1
image577.jpg,1
image578.jpg,1
image579.jpg,1
image580.jpg,1
image581.jpg,1
image582.jpg,1
image583.jpg,2
image584.jpg,1
image585.jpg,1
image586.jpg,1
image587.jpg,1
image588.jpg,1
image589.jpg,1
image590.jpg,1
image591.jpg,3
image592.jpg,1
image593.jpg,1
image594.jpg,5
image595.jpg,1
image596.jpg,1
image597.jpg,1
image598.jpg,1
image599.jpg,1
image600.jpg,1
image601.jpg,1
image602.jpg,1
image603.jpg,2
image604.jpg,1
image605.jpg,1
image606.jpg,1
image607.jpg,1
image608.jpg,3
image609.jpg,2
image610.jpg,5
image611.jpg,1
image612.jpg,1
image613.jpg,2
image614.jpg,1
image615.jpg,1
image616.jpg,3
image617.jpg,1
image618.jpg,1
image619.jpg,1
image620.jpg,1
image621.jpg,5
image622.jpg,1
image623.jpg,1
image624.jpg,1
image625.jpg,1
image626.jpg,1
image627.jpg,2
image628.jpg,1
image629.jpg,1
image630.jpg,1
image631.jpg,1
image632.jpg,1
image633.jpg,1
image634.jpg,1
image635.jpg,1
image636.jpg,5
image637.jpg,1
image638.jpg,2
image639.jpg,5
image640.jpg,1
image641.jpg,1
image642.jpg,2
image643.jpg,1
image644.jpg,1
image645.jpg,1
image646.jpg,1
image647.jpg,1
image648.jpg,3
image649.jpg,1
image650.jpg,1
image651.jpg,1
image652.jpg,1
image653.jpg,1
image654.jpg,1
image655.jpg,1
image656.jpg,1
image657.jpg,5
image658.jpg,1
image659.jpg,1
image660.jpg,1
image661.jpg,1
image662.jpg,1
image663.jpg,1
image664.jpg,1
image665.jpg,1
image666.jpg,1
image667.jpg,1
image668.jpg,1
image669.jpg,1
image670.jpg,1
image671.jpg,1
image672.jpg,1
image673.jpg,1
image674.jpg,1
image675.jpg,3
image676.jpg,1
image677.jpg,1
image678.jpg,1
image679.jpg,3
image680.jpg,1
image681.jpg,2
image682.jpg,1
image683.jpg,1
image684.jpg,3
image685.jpg,1
image686.jpg,1
image687.jpg,1
image688.jpg,1
image689.jpg,1
image690.jpg,1
image691.jpg,1
image692.jpg,1
image693.jpg,1
image694.jpg,1
image695.jpg,1
image696.jpg,1
image697.jpg,1
image698.jpg,1
image699.jpg,1
image700.jpg,1
image701.jpg,1
image702.jpg,1
image703.jpg,1
image704.jpg,1
image705.jpg,5
image706.jpg,1
image707.jpg,1
image708.jpg,2
image709.jpg,1
image710.jpg,1
image711.jpg,5
image712.jpg,2
image713.jpg,1
image714.jpg,2
image715.jpg,3
image716.jpg,1
image717.jpg,1
image718.jpg,2
image719.jpg,5
image720.jpg,1
image721.jpg,3
image722.jpg,1
image723.jpg,1
image724.jpg,4
image725.jpg,1
image726.jpg,4
image727.jpg,5
image728.jpg,1
image729.jpg,5
image730.jpg,3
image731.jpg,1
image732.jpg,1
image733.jpg,1
image734.jpg,1
image735.jpg,1
image736.jpg,1
image737.jpg,3
image738.jpg,1
image739.jpg,3
image740.jpg,1
image741.jpg,1
image742.jpg,1
image743.jpg,1
image744.jpg,1
image745.jpg,1
image746.jpg,1
image747.jpg,1
image748.jpg,1
image749.jpg,1
image750.jpg,1
image751.jpg,1
image752.jpg,1
image753.jpg,1
image754.jpg,1
image755.jpg,1
image756.jpg,1
image757.jpg,1
image758.jpg,3
image759.jpg,1
image760.jpg,1
image761.jpg,3
image762.jpg,1
image763.jpg,1
image764.jpg,1
image765.jpg,1
image766.jpg,1
image767.jpg,1
image768.jpg,1
image769.jpg,1
image770.jpg,1
image771.jpg,1
image772.jpg,3
image773.jpg,1
image774.jpg,1
image775.jpg,1
image776.jpg,1
image777.jpg,1
image778.jpg,1
image779.jpg,1
image780.jpg,1
image781.jpg,1
image782.jpg,1
image783.jpg,5
image784.jpg,1
image785.jpg,1
image786.jpg,2
image787.jpg,1
image788.jpg,1
image789.jpg,1
image790.jpg,1
image791.jpg,1
image792.jpg,1
image793.jpg,1
image794.jpg,1
image795.jpg,3
image796.jpg,1
image797.jpg,1
image798.jpg,1
image799.jpg,1
image800.jpg,1
image801.jpg,1
image802.jpg,5
image803.jpg,1
image804.jpg,1
image805.jpg,1
image806.jpg,1
image807.jpg,1
image808.jpg,3
image809.jpg,1
image810.jpg,1
image811.jpg,3
image812.jpg,1
image813.jpg,1
image814.jpg,1
image815.jpg,1
image816.jpg,1
image817.jpg,5
image818.jpg,1
image819.jpg,1
image820.jpg,1
image821.jpg,2
image822.jpg,1
image823.jpg,1
image824.jpg,1
image825.jpg,1
image826.jpg,1
image827.jpg,1
image828.jpg,1
image829.jpg,1
image830.jpg,5
image831.jpg,1
image832.jpg,1
image833.jpg,1
image834.jpg,1
image835.jpg,1
image836.jpg,1
image837.jpg,1
image838.jpg,5
image839.jpg,5
image840.jpg,1
image841.jpg,1
image842.jpg,1
image843.jpg,1
image844.jpg,3
image845.jpg,2
image846.jpg,2
image847.jpg,1
image848.jpg,1
image849.jpg,1
image850.jpg,1
image851.jpg,1
image852.jpg,3
image853.jpg,1
image854.jpg,1
image855.jpg,1
image856.jpg,1
image857.jpg,2
image858.jpg,1
image859.jpg,1
image860.jpg,2
image861.jpg,1
image862.jpg,1
image863.jpg,1
image864.jpg,1
image865.jpg,1
image866.jpg,1
image867.jpg,1
image868.jpg,1
image869.jpg,1
image870.jpg,1
image871.jpg,1
image872.jpg,1
image873.jpg,1
image874.jpg,1
image875.jpg,1
image876.jpg,1
image877.jpg,2
image878.jpg,5
image879.jpg,1
image880.jpg,5
image881.jpg,1
image882.jpg,1
image883.jpg,1
image884.jpg,5
image885.jpg,1
image886.jpg,1
image887.jpg,1
image888.jpg,1
image889.jpg,1
image890.jpg,1
image891.jpg,1
image892.jpg,1
image893.jpg,1
image894.jpg,1
image895.jpg,1
image896.jpg,1
image897.jpg,4
image898.jpg,1
image899.jpg,1
image900.jpg,1
image901.jpg,1
image902.jpg,5
image903.jpg,1
image904.jpg,1
image905.jpg,1
image906.jpg,2
image907.jpg,1
image908.jpg,1
image909.jpg,1
image910.jpg,1
image911.jpg,1
image912.jpg,1
image913.jpg,1
image914.jpg,1
image915.jpg,5
image916.jpg,1
image917.jpg,4
image918.jpg,1
image919.jpg,1
image920.jpg,1
image921.jpg,1
image922.jpg,1
image923.jpg,1
image924.jpg,3
image925.jpg,1
image926.jpg,1
image927.jpg,1
image928.jpg,5
image929.jpg,1
image930.jpg,1
image931.jpg,1
image932.jpg,1
image933.jpg,1
image934.jpg,1
image935.jpg,1
image936.jpg,1
image937.jpg,1
image938.jpg,1
image939.jpg,1
image940.jpg,3
image941.jpg,1
image942.jpg,5
image943.jpg,1
image944.jpg,3
image945.jpg,5
image946.jpg,4
image947.jpg,1
image948.jpg,1
image949.jpg,3
image950.jpg,1
image951.jpg,1
image952.jpg,1
image953.jpg,5
image954.jpg,1
image955.jpg,2
image956.jpg,1
image957.jpg,1
image958.jpg,5
image959.jpg,5
image960.jpg,1
image961.jpg,1
image962.jpg,1
image963.jpg,1
image964.jpg,1
image965.jpg,3
image966.jpg,1
image967.jpg,1
image968.jpg,1
image969.jpg,1
image970.jpg,1
image971.jpg,1
image972.jpg,1
image973.jpg,5
image974.jpg,1
image975.jpg,5
image976.jpg,1
image977.jpg,1
image978.jpg,1
image979.jpg,1
image980.jpg,3
image981.jpg,1
image982.jpg,1
image983.jpg,1
image984.jpg,1
image985.jpg,1
image986.jpg,5
image987.jpg,1
image988.jpg,1
image989.jpg,1
image990.jpg,5
image991.jpg,1
image992.jpg,1
image993.jpg,1
image994.jpg,2
image995.jpg,3
image996.jpg,1
image997.jpg,1
image998.jpg,5
image999.jpg,1
image1000.jpg,1
image1001.jpg,1
image1002.jpg,1
image1003.jpg,1
image1004.jpg,1
image1005.jpg,1
image1006.jpg,1
image1007.jpg,1
image1008.jpg,1
image1009.jpg,1
image1010.jpg,1
image1011.jpg,1
image1012.jpg,1
image1013.jpg,1
image1014.jpg,5
image1015.jpg,1
image1016.jpg,1
image1017.jpg,1
image1018.jpg,5
image1019.jpg,1
image1020.jpg,1
image1021.jpg,1
image1022.jpg,4
image1023.jpg,1
image1024.jpg,1
image1025.jpg,1
image1026.jpg,1
image1027.jpg,1
image1028.jpg,1
image1029.jpg,2
image1030.jpg,1
image1031.jpg,2
image1032.jpg,1
image1033.jpg,1
image1034.jpg,3
image1035.jpg,1
image1036.jpg,1
image1037.jpg,1
image1038.jpg,1
image1039.jpg,1
image1040.jpg,1
image1041.jpg,5
image1042.jpg,1
image1043.jpg,1
image1044.jpg,1
image1045.jpg,1
image1046.jpg,1
image1047.jpg,1
image1048.jpg,1
image1049.jpg,1
image1050.jpg,5
image1051.jpg,3
image1052.jpg,1
image1053.jpg,1
image1054.jpg,3
image1055.jpg,1
image1056.jpg,1
image1057.jpg,1
image1058.jpg,1
image1059.jpg,3
image1060.jpg,1
image1061.jpg,1
image1062.jpg,1
image1063.jpg,3
image1064.jpg,1
image1065.jpg,1
image1066.jpg,5
image1067.jpg,1
image1068.jpg,1
image1069.jpg,1
image1070.jpg,1
image1071.jpg,5
image1072.jpg,2
image1073.jpg,5
image1074.jpg,1
image1075.jpg,1
image1076.jpg,1
image1077.jpg,5
image1078.jpg,1
image1079.jpg,1
image1080.jpg,1
image1081.jpg,3
image1082.jpg,1
image1083.jpg,1
image1084.jpg,1
image1085.jpg,5
image1086.jpg,1
image1087.jpg,1
image1088.jpg,1
image1089.jpg,5
image1090.jpg,1
image1091.jpg,1
image1092.jpg,1
image1093.jpg,5
image1094.jpg,1
image1095.jpg,5
image1096.jpg,1
image1097.jpg,1
image1098.jpg,5
image1099.jpg,3
image1100.jpg,1
image1101.jpg,1
image1102.jpg,2
image1103.jpg,1
image1104.jpg,1
image1105.jpg,1
image1106.jpg,1
image1107.jpg,1
image1108.jpg,1
image1109.jpg,3
image1110.jpg,1
image1111.jpg,1
image1112.jpg,1
image1113.jpg,1
image1114.jpg,1
image1115.jpg,1
image1116.jpg,1
image1117.jpg,1
image1118.jpg,5
image1119.jpg,1
image1120.jpg,3
image1121.jpg,1
image1122.jpg,5
image1123.jpg,1
image1124.jpg,1
image1125.jpg,1
image1126.jpg,3
image1127.jpg,5
image1128.jpg,1
image1129.jpg,1
image1130.jpg,5
image1131.jpg,1
image1132.jpg,3
image1133.jpg,1
image1134.jpg,1
image1135.jpg,1
image1136.jpg,1
image1137.jpg,1
image1138.jpg,3
image1139.jpg,1
image1140.jpg,1
image1141.jpg,5
image1142.jpg,1
image1143.jpg,1
image1144.jpg,1
image1145.jpg,1
image1146.jpg,3
image1147.jpg,3
image1148.jpg,1
image1149.jpg,1
image1150.jpg,1
image1151.jpg,1
image1152.jpg,1
image1153.jpg,2
image1154.jpg,1
image1155.jpg,1
image1156.jpg,3
image1157.jpg,1
image1158.jpg,1
image1159.jpg,1
image1160.jpg,1
image1161.jpg,1
image1162.jpg,1
image1163.jpg,5
image1164.jpg,1
image1165.jpg,1
image1166.jpg,2
image1167.jpg,2
image1168.jpg,1
image1169.jpg,1
image1170.jpg,1
image1171.jpg,1
image1172.jpg,1
image1173.jpg,3
image1174.jpg,5
image1175.jpg,1
image1176.jpg,1
image1177.jpg,1
image1178.jpg,1
image1179.jpg,1
image1180.jpg,1
image1181.jpg,1
image1182.jpg,1
image1183.jpg,1
image1184.jpg,1
image1185.jpg,1
image1186.jpg,1
image1187.jpg,1
image1188.jpg,1
image1189.jpg,1
image1190.jpg,1
image1191.jpg,4
image1192.jpg,1
image1193.jpg,1
image1194.jpg,1
image1195.jpg,5
image1196.jpg,1
image1197.jpg,1
image1198.jpg,1
image1199.jpg,1
image1200.jpg,5
image1201.jpg,1
image1202.jpg,1
image1203.jpg,1
image1204.jpg,1
image1205.jpg,1
image1206.jpg,5
image1207.jpg,3
image1208.jpg,1
image1209.jpg,1
image1210.jpg,1
image1211.jpg,1
image1212.jpg,3
image1213.jpg,1
image1214.jpg,1
image1215.jpg,1
image1216.jpg,1
image1217.jpg,1
image1218.jpg,1
image1219.jpg,1
image1220.jpg,5
image1221.jpg,1
image1222.jpg,1
image1223.jpg,1
image1224.jpg,1
image1225.jpg,1
image1226.jpg,1
image1227.jpg,2
image1228.jpg,1
image1229.jpg,1
image1230.jpg,1
image1231.jpg,1
image1232.jpg,1
image1233.jpg,3
image1234.jpg,1
image1235.jpg,1
image1236.jpg,1
image1237.jpg,1
image1238.jpg,1
image1239.jpg,3
image1240.jpg,1
image1241.jpg,1
image1242.jpg,1
image1243.jpg,1
image1244.jpg,1
image1245.jpg,1
image1246.jpg,1
image1247.jpg,1
image1248.jpg,5
image1249.jpg,1
image1250.jpg,5
image1251.jpg,3
image1252.jpg,1
image1253.jpg,2
image1254.jpg,1
image1255.jpg,1
image1256.jpg,1
image1257.jpg,1
image1258.jpg,1
image1259.jpg,1
image1260.jpg,1
image1261.jpg,1
image1262.jpg,1
image1263.jpg,1
image1264.jpg,5
image1265.jpg,1
image1266.jpg,3
image1267.jpg,3
image1268.jpg,1
image1269.jpg,1
image1270.jpg,1
image1271.jpg,1
image1272.jpg,1
image1273.jpg,1
image1274.jpg,5
image1275.jpg,1
image1276.jpg,3
image1277.jpg,1
image1278.jpg,1
image1279.jpg,1
image1280.jpg,1
image1281.jpg,1
image1282.jpg,1
image1283.jpg,1
image1284.jpg,5
image1285.jpg,1
image1286.jpg,3
image1287.jpg,1
image1288.jpg,1
image1289.jpg,1
image1290.jpg,1
image1291.jpg,1
image1292.jpg,1
image1293.jpg,5
image1294.jpg,1
image1295.jpg,1
image1296.jpg,1
image1297.jpg,1
image1298.jpg,5
image1299.jpg,1
image1300.jpg,1
image1301.jpg,1
image1302.jpg,1
image1303.jpg,1
image1304.jpg,5
image1305.jpg,1
image1306.jpg,1
image1307.jpg,1
image1308.jpg,1
image1309.jpg,3
image1310.jpg,1
image1311.jpg,5
image1312.jpg,5
image1313.jpg,1
image1314.jpg,1
image1315.jpg,5
image1316.jpg,5
image1317.jpg,1
image1318.jpg,1
image1319.jpg,1
image1320.jpg,5
image1321.jpg,3
image1322.jpg,1
image1323.jpg,2
image1324.jpg,1
image1325.jpg,3
image1326.jpg,1
image1327.jpg,1
image1328.jpg,1
image1329.jpg,1
image1330.jpg,1
image1331.jpg,3
image1332.jpg,1
image1333.jpg,1
image1334.jpg,5
image1335.jpg,1
image1336.jpg,1
image1337.jpg,1
image1338.jpg,1
image1339.jpg,1
image1340.jpg,1
image1341.jpg,1
image1342.jpg,1
image1343.jpg,1
image1344.jpg,5
image1345.jpg,1
image1346.jpg,2
image1347.jpg,1
image1348.jpg,1
image1349.jpg,1
image1350.jpg,1
image1351.jpg,1
image1352.jpg,2
image1353.jpg,1
image1354.jpg,1
image1355.jpg,5
image1356.jpg,3
image1357.jpg,1
image1358.jpg,1
image1359.jpg,1
image1360.jpg,1
image1361.jpg,1
image1362.jpg,1
image1363.jpg,1
image1364.jpg,1
image1365.jpg,1
image1366.jpg,1
image1367.jpg,1
image1368.jpg,1
image1369.jpg,1
image1370.jpg,1
image1371.jpg,5
image1372.jpg,3
image1373.jpg,1
image1374.jpg,1
image1375.jpg,5
image1376.jpg,1
image1377.jpg,3
image1378.jpg,3
image1379.jpg,1
image1380.jpg,3
image1381.jpg,1
image1382.jpg,1
image1383.jpg,1
image1384.jpg,3
image1385.jpg,1
image1386.jpg,1
image1387.jpg,1
image1388.jpg,1
image1389.jpg,1
image1390.jpg,5
image1391.jpg,1
image1392.jpg,5
image1393.jpg,5
image1394.jpg,1
image1395.jpg,1
image1396.jpg,1
image1397.jpg,1
image1398.jpg,1
image1399.jpg,2
image1400.jpg,5
image1401.jpg,5
image1402.jpg,1
image1403.jpg,5
image1404.jpg,1
image1405.jpg,1
image1406.jpg,1
image1407.jpg,5
image1408.jpg,1
image1409.jpg,3
image1410.jpg,1
image1411.jpg,5
image1412.jpg,1
image1413.jpg,1
image1414.jpg,1
image1415.jpg,1
image1416.jpg,1
image1417.jpg,1
image1418.jpg,1
image1419.jpg,1
image1420.jpg,1
image1421.jpg,1
image1422.jpg,1
image1423.jpg,1
image1424.jpg,1
image1425.jpg,3
image1426.jpg,1
image1427.jpg,1
image1428.jpg,1
image1429.jpg,1
image1430.jpg,3
image1431.jpg,1
image1432.jpg,1
image1433.jpg,5
image1434.jpg,1
image1435.jpg,3
image1436.jpg,1
image1437.jpg,1
image1438.jpg,1
image1439.jpg,1
image1440.jpg,1
image1441.jpg,1
image1442.jpg,1
image1443.jpg,1
image1444.jpg,1
image1445.jpg,1
image1446.jpg,1
image1447.jpg,1
image1448.jpg,2
image1449.jpg,1
image1450.jpg,1
image1451.jpg,5
image1452.jpg,5
image1453.jpg,3
image1454.jpg,1
image1455.jpg,1
image1456.jpg,5
image1457.jpg,1
image1458.jpg,1
image1459.jpg,2
image1460.jpg,1
image1461.jpg,3
image1462.jpg,1
image1463.jpg,4
image1464.jpg,3
image1465.jpg,3
image1466.jpg,1
image1467.jpg,1
image1468.jpg,1
image1469.jpg,1
image1470.jpg,1
image1471.jpg,1
image1472.jpg,1
image1473.jpg,5
image1474.jpg,1
image1475.jpg,1
image1476.jpg,1
image1477.jpg,5
image1478.jpg,1
image1479.jpg,1
image1480.jpg,1
image1481.jpg,3
image1482.jpg,1
image1483.jpg,1
image1484.jpg,1
image1485.jpg,1
image1486.jpg,1
image1487.jpg,2
image1488.jpg,1
image1489.jpg,5
image1490.jpg,1
image1491.jpg,5
image1492.jpg,1
image1493.jpg,1
image1494.jpg,4
image1495.jpg,1
image1496.jpg,1
image1497.jpg,1
image1498.jpg,1
image1499.jpg,1
image1500.jpg,5
image1501.jpg,1
image1502.jpg,1
image1503.jpg,3
image1504.jpg,1
image1505.jpg,1
image1506.jpg,1
image1507.jpg,1
image1508.jpg,1
image1509.jpg,1
image1510.jpg,1
image1511.jpg,1
image1512.jpg,1
image1513.jpg,5
image1514.jpg,1
image1515.jpg,1
image1516.jpg,1
image1517.jpg,1
image1518.jpg,1
image1519.jpg,5
image1520.jpg,1
image1521.jpg,1
image1522.jpg,1
image1523.jpg,1
image1524.jpg,2
image1525.jpg,1
image1526.jpg,1
image1527.jpg,1
image1528.jpg,1
image1529.jpg,1
image1530.jpg,1
image1531.jpg,1
image1532.jpg,1
image1533.jpg,1
image1534.jpg,1
image1535.jpg,1
image1536.jpg,5
image1537.jpg,1
image1538.jpg,1
image1539.jpg,1
image1540.jpg,1
image1541.jpg,1
image1542.jpg,5
image1543.jpg,5
image1544.jpg,1
image1545.jpg,1
image1546.jpg,1
image1547.jpg,1
image1548.jpg,1
image1549.jpg,1
image1550.jpg,4
image1551.jpg,1
image1552.jpg,1
image1553.jpg,1
image1554.jpg,1
image1555.jpg,1
image1556.jpg,1
image1557.jpg,1
image1558.jpg,1
image1559.jpg,1
image1560.jpg,1
image1561.jpg,1
image1562.jpg,1
image1563.jpg,1
image1564.jpg,1
image1565.jpg,1
image1566.jpg,1
image1567.jpg,2
image1568.jpg,1
image1569.jpg,1
image1570.jpg,1
image1571.jpg,1
image1572.jpg,3
image1573.jpg,1
image1574.jpg,5
image1575.jpg,1
image1576.jpg,1
image1577.jpg,1
image1578.jpg,1
image1579.jpg,3
image1580.jpg,1
image1581.jpg,1
image1582.jpg,1
image1583.jpg,5
image1584.jpg,1
image1585.jpg,1
image1586.jpg,5
image1587.jpg,1
image1588.jpg,3
image1589.jpg,1
image1590.jpg,1
image1591.jpg,1
image1592.jpg,1
image1593.jpg,2
image1594.jpg,1
image1595.jpg,5
image1596.jpg,1
image1597.jpg,1
image1598.jpg,1
image1599.jpg,1
image1600.jpg,1
image1601.jpg,1
image1602.jpg,1
image1603.jpg,1
image1604.jpg,2
image1605.jpg,1
image1606.jpg,1
image1607.jpg,5
image1608.jpg,1
image1609.jpg,3
image1610.jpg,5
image1611.jpg,1
image1612.jpg,1
image1613.jpg,1
image1614.jpg,1
image1615.jpg,1
image1616.jpg,1
image1617.jpg,1
image1618.jpg,1
image1619.jpg,1
image1620.jpg,1
image1621.jpg,3
image1622.jpg,1
image1623.jpg,1
image1624.jpg,1
image1625.jpg,1
image1626.jpg,1
image1627.jpg,3
image1628.jpg,1
image1629.jpg,1
image1630.jpg,1
image1631.jpg,3
image1632.jpg,3
image1633.jpg,1
image1634.jpg,1
image1635.jpg,2
image1636.jpg,1
image1637.jpg,1
image1638.jpg,5
image1639.jpg,1
image1640.jpg,1
image1641.jpg,5
image1642.jpg,1
image1643.jpg,1
image1644.jpg,1
image1645.jpg,1
image1646.jpg,1
image1647.jpg,1
image1648.jpg,1
image1649.jpg,5
image1650.jpg,1
image1651.jpg,1
image1652.jpg,1
image1653.jpg,1
image1654.jpg,5
image1655.jpg,1
image1656.jpg,1
image1657.jpg,1
image1658.jpg,1
image1659.jpg,1
image1660.jpg,1
image1661.jpg,1
image1662.jpg,1
image1663.jpg,5
image1664.jpg,1
image1665.jpg,1
image1666.jpg,1
image1667.jpg,1
image1668.jpg,1
image1669.jpg,1
image1670.jpg,1
image1671.jpg,3
image1672.jpg,1
image1673.jpg,1
image1674.jpg,1
image1675.jpg,3
image1676.jpg,1
image1677.jpg,1
image1678.jpg,1
image1679.jpg,1
image1680.jpg,1
image1681.jpg,1
image1682.jpg,3
image1683.jpg,1
image1684.jpg,1
image1685.jpg,1
image1686.jpg,1
image1687.jpg,1
image1688.jpg,3
image1689.jpg,2
image1690.jpg,1
image1691.jpg,1
image1692.jpg,5
image1693.jpg,5
image1694.jpg,1
image1695.jpg,1
image1696.jpg,5
image1697.jpg,5
image1698.jpg,5
image1699.jpg,1
image1700.jpg,3
image1701.jpg,3
image1702.jpg,1
image1703.jpg,1
image1704.jpg,1
image1705.jpg,1
image1706.jpg,1
image1707.jpg,1
image1708.jpg,5
image1709.jpg,1
image1710.jpg,1
image1711.jpg,1
image1712.jpg,1
image1713.jpg,4
image1714.jpg,1
image1715.jpg,1
image1716.jpg,1
image1717.jpg,1
image1718.jpg,4
image1719.jpg,1
image1720.jpg,1
image1721.jpg,1
image1722.jpg,1
image1723.jpg,2
image1724.jpg,5
image1725.jpg,2
image1726.jpg,1
image1727.jpg,1
image1728.jpg,2
image1729.jpg,1
image1730.jpg,1
image1731.jpg,3
image1732.jpg,1
image1733.jpg,1
image1734.jpg,1
image1735.jpg,1
image1736.jpg,1
image1737.jpg,1
image1738.jpg,1
image1739.jpg,1
image1740.jpg,5
image1741.jpg,4
image1742.jpg,1
image1743.jpg,1
image1744.jpg,1
image1745.jpg,1
image1746.jpg,1
image1747.jpg,1
image1748.jpg,3
image1749.jpg,1
image1750.jpg,5
image1751.jpg,1
image1752.jpg,1
image1753.jpg,2
image1754.jpg,1
image1755.jpg,1
image1756.jpg,1
image1757.jpg,1
image1758.jpg,3
image1759.jpg,1
image1760.jpg,1
image1761.jpg,1
image1762.jpg,1
image1763.jpg,1
image1764.jpg,1
image1765.jpg,1
image1766.jpg,1
image1767.jpg,1
image1768.jpg,1
image1769.jpg,2
image1770.jpg,3
image1771.jpg,2
image1772.jpg,1
image1773.jpg,1
image1774.jpg,3
image1775.jpg,5
image1776.jpg,1
image1777.jpg,2
image1778.jpg,1
image1779.jpg,1
image1780.jpg,2
image1781.jpg,1
image1782.jpg,1
image1783.jpg,1
image1784.jpg,2
image1785.jpg,1
image1786.jpg,1
image1787.jpg,3
image1788.jpg,1
image1789.jpg,1
image1790.jpg,1
image1791.jpg,1
image1792.jpg,2
image1793.jpg,3
image1794.jpg,1
image1795.jpg,1
image1796.jpg,1
image1797.jpg,1
image1798.jpg,5
image1799.jpg,3
image1800.jpg,3
image1801.jpg,1
image1802.jpg,1
image1803.jpg,1
image1804.jpg,1
image1805.jpg,1
image1806.jpg,1
image1807.jpg,1
image1808.jpg,1
image1809.jpg,1
image1810.jpg,1
image1811.jpg,1
image1812.jpg,3
image1813.jpg,1
image1814.jpg,1
image1815.jpg,1
image1816.jpg,1
image1817.jpg,1
image1818.jpg,3
image1819.jpg,5
image1820.jpg,5
image1821.jpg,1
image1822.jpg,1
image1823.jpg,1
image1824.jpg,1
image1825.jpg,1
image1826.jpg,1
image1827.jpg,3
image1828.jpg,1
image1829.jpg,1
image1830.jpg,1
image1831.jpg,1
image1832.jpg,1
image1833.jpg,5
image1834.jpg,1
image1835.jpg,1
image1836.jpg,1
image1837.jpg,1
image1838.jpg,2
image1839.jpg,5
image1840.jpg,1
image1841.jpg,1
image1842.jpg,1
image1843.jpg,5
image1844.jpg,1
image1845.jpg,1
image1846.jpg,5
image1847.jpg,1
image1848.jpg,1
image1849.jpg,1
image1850.jpg,1
image1851.jpg,3
image1852.jpg,1
image1853.jpg,1
image1854.jpg,2
image1855.jpg,1
image1856.jpg,1
image1857.jpg,2
image1858.jpg,5
image1859.jpg,1
image1860.jpg,1
image1861.jpg,5
image1862.jpg,1
image1863.jpg,3
image1864.jpg,1
image1865.jpg,1
image1866.jpg,1
image1867.jpg,1
image1868.jpg,2
image1869.jpg,3
image1870.jpg,1
image1871.jpg,1
image1872.jpg,1
image1873.jpg,1
image1874.jpg,1
image1875.jpg,1
image1876.jpg,1
image1877.jpg,4
image1878.jpg,1
image1879.jpg,1
image1880.jpg,1
image1881.jpg,2
image1882.jpg,1
image1883.jpg,1
image1884.jpg,1
image1885.jpg,5
image1886.jpg,2
image1887.jpg,5
image1888.jpg,1
image1889.jpg,1
image1890.jpg,1
image1891.jpg,1
image1892.jpg,5
image1893.jpg,1
image1894.jpg,1
image1895.jpg,3
image1896.jpg,1
image1897.jpg,5
image1898.jpg,1
image1899.jpg,1
image1900.jpg,1
image1901.jpg,1
image1902.jpg,1
image1903.jpg,1
image1904.jpg,1
image1905.jpg,5
image1906.jpg,1
image1907.jpg,1
image1908.jpg,3
image1909.jpg,3
image1910.jpg,1
image1911.jpg,5
image1912.jpg,5
image1913.jpg,1
image1914.jpg,1
image1915.jpg,1
image1916.jpg,4
image1917.jpg,1
image1918.jpg,1
image1919.jpg,3
image1920.jpg,1
image1921.jpg,1
image1922.jpg,1
image1923.jpg,1
image1924.jpg,1
image1925.jpg,4
image1926.jpg,1
image1927.jpg,5
image1928.jpg,1
image1929.jpg,1
image1930.jpg,1
image1931.jpg,1
image1932.jpg,1
image1933.jpg,3
image1934.jpg,1
image1935.jpg,1
image1936.jpg,1
image1937.jpg,1
image1938.jpg,1
image1939.jpg,1
image1940.jpg,1
image1941.jpg,1
image1942.jpg,1
image1943.jpg,1
image1944.jpg,1
image1945.jpg,1
image1946.jpg,1
image1947.jpg,4
image1948.jpg,1
image1949.jpg,1
image1950.jpg,1
image1951.jpg,1
image1952.jpg,1
image1953.jpg,1
image1954.jpg,1
image1955.jpg,5
image1956.jpg,2
image1957.jpg,1
image1958.jpg,1
image1959.jpg,5
image1960.jpg,2
image1961.jpg,1
image1962.jpg,1
image1963.jpg,1
image1964.jpg,1
image1965.jpg,1
image1966.jpg,1
image1967.jpg,1
image1968.jpg,1
image1969.jpg,3
image1970.jpg,1
image1971.jpg,1
image1972.jpg,5
image1973.jpg,1
image1974.jpg,5
image1975.jpg,1
image1976.jpg,3
image1977.jpg,1
image1978.jpg,1
image1979.jpg,1
image1980.jpg,1
image1981.jpg,1
image1982.jpg,5
image1983.jpg,1
image1984.jpg,1
image1985.jpg,1
image1986.jpg,3
image1987.jpg,2
image1988.jpg,5
image1989.jpg,1
image1990.jpg,2
image1991.jpg,1
image1992.jpg,2
image1993.jpg,1
image1994.jpg,1
image1995.jpg,2
image1996.jpg,1
image1997.jpg,1
image1998.jpg,5
image1999.jpg,1
