filename,label
image0.jpg,1
image1.jpg,3
image2.jpg,1
image3.jpg,1
image4.jpg,1
image5.jpg,1
image6.jpg,1
image7.jpg,1
image8.jpg,1
image9.jpg,1
image10.jpg,5
image11.jpg,1
image12.jpg,1
image13.jpg,1
image14.jpg,5
image15.jpg,1
image16.jpg,1
image17.jpg,1
image18.jpg,1
image19.jpg,1
image20.jpg,1
image21.jpg,1
image22.jpg,1
image23.jpg,1
image24.jpg,1
image25.jpg,1
image26.jpg,1
image27.jpg,3
image28.jpg,1
image29.jpg,1
image30.jpg,1
image31.jpg,1
image32.jpg,1
image33.jpg,1
image34.jpg,1
image35.jpg,1
image36.jpg,1
image37.jpg,1
image38.jpg,3
image39.jpg,1
image40.jpg,1
image41.jpg,1
image42.jpg,1
image43.jpg,1
image44.jpg,1
image45.jpg,1
image46.jpg,5
image47.jpg,5
image48.jpg,1
image49.jpg,2
image50.jpg,1
image51.jpg,1
image52.jpg,1
image53.jpg,1
image54.jpg,1
image55.jpg,1
image56.jpg,1
image57.jpg,1
image58.jpg,1
image59.jpg,1
image60.jpg,1
image61.jpg,1
image62.jpg,1
image63.jpg,1
image64.jpg,1
image65.jpg,1
image66.jpg,1
image67.jpg,1
image68.jpg,4
image69.jpg,1
image70.jpg,1
image71.jpg,1
image72.jpg,1
image73.jpg,1
image74.jpg,1
image75.jpg,1
image76.jpg,1
image77.jpg,1
image78.jpg,1
image79.jpg,1
image80.jpg,1
image81.jpg,1
image82.jpg,3
image83.jpg,1
image84.jpg,1
image85.jpg,1
image86.jpg,1
image87.jpg,1
image88.jpg,1
image89.jpg,1
image90.jpg,3
image91.jpg,1
image92.jpg,1
image93.jpg,1
image94.jpg,1
image95.jpg,5
image96.jpg,1
image97.jpg,1
image98.jpg,1
image99.jpg,5
image100.jpg,1
image101.jpg,5
image102.jpg,1
image103.jpg,1
image104.jpg,4
image105.jpg,2
image106.jpg,1
image107.jpg,1
image108.jpg,2
image109.jpg,1
image110.jpg,1
image111.jpg,1
image112.jpg,1
image113.jpg,1
image114.jpg,1
image115.jpg,1
image116.jpg,1
image117.jpg,1
image118.jpg,1
image119.jpg,1
image120.jpg,1
image121.jpg,3
image122.jpg,2
image123.jpg,1
image124.jpg,1
image125.jpg,1
image126.jpg,1
image127.jpg,1
image128.jpg,1
image129.jpg,1
image130.jpg,1
image131.jpg,3
image132.jpg,1
image133.jpg,1
image134.jpg,1
image135.jpg,1
image136.jpg,1
image137.jpg,1
image138.jpg,1
image139.jpg,1
image140.jpg,1
image141.jpg,5
image142.jpg,1
image143.jpg,1
image144.jpg,1
image145.jpg,3
image146.jpg,1
image147.jpg,1
image148.jpg,1
image149.jpg,1
image150.jpg,1
image151.jpg,5
image152.jpg,1
image153.jpg,1
image154.jpg,1
image155.jpg,1
image156.jpg,1
image157.jpg,1
image158.jpg,1
image159.jpg,1
image160.jpg,1
image161.jpg,1
image162.jpg,1
image163.jpg,1
image164.jpg,1
image165.jpg,3
image166.jpg,1
image167.jpg,4
image168.jpg,1
image169.jpg,1
image170.jpg,1
image171.jpg,1
image172.jpg,1
image173.jpg,1
image174.jpg,1
image175.jpg,1
image176.jpg,3
image177.jpg,1
image178.jpg,1
image179.jpg,5
image180.jpg,1
image181.jpg,1
image182.jpg,1
image183.jpg,1
image184.jpg,3
image185.jpg,1
image186.jpg,1
image187.jpg,5
image188.jpg,1
image189.jpg,1
image190.jpg,3
image191.jpg,1
image192.jpg,1
image193.jpg,1
image194.jpg,5
image195.jpg,1
image196.jpg,5
image197.jpg,5
image198.jpg,2
image199.jpg,1
image200.jpg,1
image201.jpg,5
image202.jpg,5
image203.jpg,1
image204.jpg,1
image205.jpg,1
image206.jpg,1
image207.jpg,1
image208.jpg,1
image209.jpg,1
image210.jpg,1
image211.jpg,1
image212.jpg,1
image213.jpg,1
image214.jpg,1
image215.jpg,1
image216.jpg,5
image217.jpg,5
image218.jpg,1
image219.jpg,1
image220.jpg,1
image221.jpg,1
image222.jpg,1
image223.jpg,1
image224.jpg,1
image225.jpg,1
image226.jpg,3
image227.jpg,5
image228.jpg,1
image229.jpg,1
image230.jpg,1
image231.jpg,1
image232.jpg,3
image233.jpg,3
image234.jpg,5
image235.jpg,1
image236.jpg,1
image237.jpg,1
image238.jpg,1
image239.jpg,1
image240.jpg,1
image241.jpg,5
image242.jpg,1
image243.jpg,1
image244.jpg,1
image245.jpg,1
image246.jpg,1
image247.jpg,1
image248.jpg,1
image249.jpg,1
image250.jpg,1
image251.jpg,1
image252.jpg,2
image253.jpg,1
image254.jpg,1
image255.jpg,1
image256.jpg,5
image257.jpg,1
image258.jpg,1
image259.jpg,1
image260.jpg,1
image261.jpg,1
image262.jpg,1
image263.jpg,1
image264.jpg,1
image265.jpg,1
image266.jpg,1
image267.jpg,1
image268.jpg,1
image269.jpg,1
image270.jpg,1
image271.jpg,5
image272.jpg,1
image273.jpg,1
image274.jpg,3
image275.jpg,3
image276.jpg,1
image277.jpg,1
image278.jpg,1
image279.jpg,1
image280.jpg,1
image281.jpg,1
image282.jpg,1
image283.jpg,1
image284.jpg,5
image285.jpg,1
image286.jpg,1
image287.jpg,1
image288.jpg,1
image289.jpg,1
image290.jpg,1
image291.jpg,1
image292.jpg,3
image293.jpg,1
image294.jpg,1
image295.jpg,1
image296.jpg,1
image297.jpg,1
image298.jpg,5
image299.jpg,5
image300.jpg,1
image301.jpg,1
image302.jpg,5
image303.jpg,1
image304.jpg,5
image305.jpg,2
image306.jpg,1
image307.jpg,1
image308.jpg,1
image309.jpg,1
image310.jpg,3
image311.jpg,1
image312.jpg,1
image313.jpg,1
image314.jpg,1
image315.jpg,1
image316.jpg,1
image317.jpg,5
image318.jpg,1
image319.jpg,1
image320.jpg,1
image321.jpg,1
image322.jpg,1
image323.jpg,5
image324.jpg,1
image325.jpg,1
image326.jpg,1
image327.jpg,1
image328.jpg,2
image329.jpg,1
image330.jpg,1
image331.jpg,1
image332.jpg,1
image333.jpg,2
image334.jpg,5
image335.jpg,1
image336.jpg,1
image337.jpg,1
image338.jpg,1
image339.jpg,1
image340.jpg,1
image341.jpg,1
image342.jpg,1
image343.jpg,5
image344.jpg,1
image345.jpg,1
image346.jpg,1
image347.jpg,1
image348.jpg,1
image349.jpg,1
image350.jpg,2
image351.jpg,1
image352.jpg,1
image353.jpg,1
image354.jpg,1
image355.jpg,5
image356.jpg,1
image357.jpg,1
image358.jpg,1
image359.jpg,3
image360.jpg,1
image361.jpg,1
image362.jpg,1
image363.jpg,1
image364.jpg,1
image365.jpg,1
image366.jpg,1
image367.jpg,1
image368.jpg,1
image369.jpg,1
image370.jpg,3
image371.jpg,5
image372.jpg,1
image373.jpg,1
image374.jpg,1
image375.jpg,1
image376.jpg,1
image377.jpg,1
image378.jpg,1
image379.jpg,1
image380.jpg,1
image381.jpg,1
image382.jpg,5
image383.jpg,1
image384.jpg,1
image385.jpg,1
image386.jpg,1
image387.jpg,2
image388.jpg,1
image389.jpg,1
image390.jpg,5
image391.jpg,1
image392.jpg,1
image393.jpg,1
image394.jpg,1
image395.jpg,1
image396.jpg,1
image397.jpg,1
image398.jpg,1
image399.jpg,1
image400.jpg,1
image401.jpg,1
image402.jpg,5
image403.jpg,1
image404.jpg,1
image405.jpg,1
image406.jpg,3
image407.jpg,1
image408.jpg,1
image409.jpg,1
image410.jpg,3
image411.jpg,1
image412.jpg,1
image413.jpg,1
image414.jpg,1
image415.jpg,5
image416.jpg,1
image417.jpg,3
image418.jpg,1
image419.jpg,1
image420.jpg,2
image421.jpg,3
image422.jpg,1
image423.jpg,1
image424.jpg,1
image425.jpg,1
image426.jpg,1
image427.jpg,5
image428.jpg,3
image429.jpg,5
image430.jpg,1
image431.jpg,1
image432.jpg,2
image433.jpg,1
image434.jpg,3
image435.jpg,1
image436.jpg,1
image437.jpg,1
image438.jpg,1
image439.jpg,1
image440.jpg,1
image441.jpg,3
image442.jpg,1
image443.jpg,1
image444.jpg,1
image445.jpg,1
image446.jpg,1
image447.jpg,1
image448.jpg,1
image449.jpg,1
image450.jpg,1
image451.jpg,1
image452.jpg,1
image453.jpg,1
image454.jpg,3
image455.jpg,1
image456.jpg,1
image457.jpg,1
image458.jpg,1
image459.jpg,1
image460.jpg,1
image461.jpg,1
image462.jpg,1
image463.jpg,1
image464.jpg,1
image465.jpg,2
image466.jpg,1
image467.jpg,1
image468.jpg,1
image469.jpg,1
image470.jpg,1
image471.jpg,1
image472.jpg,1
image473.jpg,5
image474.jpg,5
image475.jpg,5
image476.jpg,1
image477.jpg,1
image478.jpg,1
image479.jpg,1
image480.jpg,1
image481.jpg,1
image482.jpg,1
image483.jpg,1
image484.jpg,5
image485.jpg,1
image486.jpg,1
image487.jpg,1
image488.jpg,1
image489.jpg,1
image490.jpg,1
image491.jpg,1
image492.jpg,1
image493.jpg,5
image494.jpg,1
image495.jpg,5
image496.jpg,2
image497.jpg,1
image498.jpg,1
image499.jpg,1
image500.jpg,1
image501.jpg,1
image502.jpg,5
image503.jpg,1
image504.jpg,1
image505.jpg,5
image506.jpg,1
image507.jpg,2
image508.jpg,1
image509.jpg,1
image510.jpg,5
image511.jpg,1
image512.jpg,1
image513.jpg,1
image514.jpg,1
image515.jpg,1
image516.jpg,1
image517.jpg,1
image518.jpg,1
image519.jpg,5
image520.jpg,1
image521.jpg,1
image522.jpg,1
image523.jpg,3
image524.jpg,1
image525.jpg,1
image526.jpg,1
image527.jpg,5
image528.jpg,1
image529.jpg,1
image530.jpg,1
image531.jpg,1
image532.jpg,1
image533.jpg,1
image534.jpg,1
image535.jpg,4
image536.jpg,2
image537.jpg,1
image538.jpg,1
image539.jpg,1
image540.jpg,2
image541.jpg,5
image542.jpg,1
image543.jpg,1
image544.jpg,1
image545.jpg,1
image546.jpg,3
image547.jpg,1
image548.jpg,1
image549.jpg,1
image550.jpg,1
image551.jpg,1
image552.jpg,1
image553.jpg,1
image554.jpg,5
image555.jpg,1
image556.jpg,1
image557.jpg,1
image558.jpg,5
image559.jpg,1
image560.jpg,5
image561.jpg,3
image562.jpg,1
image563.jpg,1
image564.jpg,1
image565.jpg,3
image566.jpg,5
image567.jpg,3
image568.jpg,1
image569.jpg,1
image570.jpg,1
image571.jpg,1
image572.jpg,1
image573.jpg,1
image574.jpg,1
image575.jpg,1
image576.jpg,1
image577.jpg,1
image578.jpg,1
image579.jpg,1
image580.jpg,1
image581.jpg,1
image582.jpg,1
image583.jpg,3
image584.jpg,5
image585.jpg,1
image586.jpg,1
image587.jpg,4
image588.jpg,1
image589.jpg,5
image590.jpg,5
image591.jpg,1
image592.jpg,1
image593.jpg,1
image594.jpg,5
image595.jpg,1
image596.jpg,3
image597.jpg,1
image598.jpg,1
image599.jpg,1
image600.jpg,1
image601.jpg,1
image602.jpg,1
image603.jpg,1
image604.jpg,1
image605.jpg,1
image606.jpg,1
image607.jpg,2
image608.jpg,1
image609.jpg,1
image610.jpg,1
image611.jpg,1
image612.jpg,3
image613.jpg,1
image614.jpg,3
image615.jpg,1
image616.jpg,1
image617.jpg,3
image618.jpg,5
image619.jpg,3
image620.jpg,1
image621.jpg,1
image622.jpg,1
image623.jpg,5
image624.jpg,1
image625.jpg,1
image626.jpg,1
image627.jpg,1
image628.jpg,2
image629.jpg,1
image630.jpg,1
image631.jpg,1
image632.jpg,1
image633.jpg,1
image634.jpg,1
image635.jpg,1
image636.jpg,1
image637.jpg,1
image638.jpg,5
image639.jpg,1
image640.jpg,1
image641.jpg,1
image642.jpg,1
image643.jpg,1
image644.jpg,1
image645.jpg,1
image646.jpg,1
image647.jpg,2
image648.jpg,1
image649.jpg,1
image650.jpg,1
image651.jpg,1
image652.jpg,1
image653.jpg,1
image654.jpg,1
image655.jpg,1
image656.jpg,1
image657.jpg,1
image658.jpg,1
image659.jpg,1
image660.jpg,1
image661.jpg,1
image662.jpg,1
image663.jpg,5
image664.jpg,1
image665.jpg,1
image666.jpg,1
image667.jpg,2
image668.jpg,1
image669.jpg,1
image670.jpg,3
image671.jpg,1
image672.jpg,3
image673.jpg,1
image674.jpg,4
image675.jpg,1
image676.jpg,2
image677.jpg,1
image678.jpg,1
image679.jpg,5
image680.jpg,3
image681.jpg,5
image682.jpg,1
image683.jpg,1
image684.jpg,1
image685.jpg,1
image686.jpg,1
image687.jpg,5
image688.jpg,1
image689.jpg,1
image690.jpg,2
image691.jpg,1
image692.jpg,1
image693.jpg,1
image694.jpg,1
image695.jpg,1
image696.jpg,1
image697.jpg,3
image698.jpg,2
image699.jpg,1
image700.jpg,1
image701.jpg,1
image702.jpg,1
image703.jpg,1
image704.jpg,1
image705.jpg,1
image706.jpg,1
image707.jpg,1
image708.jpg,1
image709.jpg,1
image710.jpg,1
image711.jpg,1
image712.jpg,1
image713.jpg,5
image714.jpg,1
image715.jpg,1
image716.jpg,5
image717.jpg,3
image718.jpg,1
image719.jpg,4
image720.jpg,5
image721.jpg,1
image722.jpg,1
image723.jpg,1
image724.jpg,1
image725.jpg,1
image726.jpg,5
image727.jpg,1
image728.jpg,1
image729.jpg,1
image730.jpg,1
image731.jpg,1
image732.jpg,3
image733.jpg,5
image734.jpg,1
image735.jpg,1
image736.jpg,1
image737.jpg,1
image738.jpg,1
image739.jpg,1
image740.jpg,1
image741.jpg,1
image742.jpg,1
image743.jpg,1
image744.jpg,5
image745.jpg,1
image746.jpg,1
image747.jpg,3
image748.jpg,1
image749.jpg,1
image750.jpg,1
image751.jpg,1
image752.jpg,2
image753.jpg,1
image754.jpg,1
image755.jpg,1
image756.jpg,1
image757.jpg,1
image758.jpg,3
image759.jpg,1
image760.jpg,1
image761.jpg,1
image762.jpg,5
image763.jpg,3
image764.jpg,5
image765.jpg,1
image766.jpg,1
image767.jpg,1
image768.jpg,1
image769.jpg,1
image770.jpg,1
image771.jpg,1
image772.jpg,1
image773.jpg,1
image774.jpg,1
image775.jpg,1
image776.jpg,1
image777.jpg,1
image778.jpg,1
image779.jpg,3
image780.jpg,3
image781.jpg,5
image782.jpg,1
image783.jpg,1
image784.jpg,1
image785.jpg,1
image786.jpg,1
image787.jpg,1
image788.jpg,1
image789.jpg,1
image790.jpg,1
image791.jpg,1
image792.jpg,1
image793.jpg,1
image794.jpg,1
image795.jpg,1
image796.jpg,1
image797.jpg,5
image798.jpg,1
image799.jpg,3
image800.jpg,1
image801.jpg,3
image802.jpg,1
image803.jpg,5
image804.jpg,2
image805.jpg,1
image806.jpg,5
image807.jpg,1
image808.jpg,1
image809.jpg,1
image810.jpg,2
image811.jpg,4
image812.jpg,2
image813.jpg,1
image814.jpg,3
image815.jpg,1
image816.jpg,3
image817.jpg,1
image818.jpg,1
image819.jpg,1
image820.jpg,1
image821.jpg,1
image822.jpg,1
image823.jpg,1
image824.jpg,1
image825.jpg,1
image826.jpg,1
image827.jpg,1
image828.jpg,1
image829.jpg,2
image830.jpg,5
image831.jpg,1
image832.jpg,1
image833.jpg,1
image834.jpg,1
image835.jpg,1
image836.jpg,1
image837.jpg,1
image838.jpg,1
image839.jpg,1
image840.jpg,3
image841.jpg,1
image842.jpg,1
image843.jpg,1
image844.jpg,1
image845.jpg,1
image846.jpg,1
image847.jpg,1
image848.jpg,3
image849.jpg,3
image850.jpg,3
image851.jpg,1
image852.jpg,1
image853.jpg,1
image854.jpg,5
image855.jpg,1
image856.jpg,3
image857.jpg,1
image858.jpg,1
image859.jpg,1
image860.jpg,1
image861.jpg,1
image862.jpg,1
image863.jpg,1
image864.jpg,1
image865.jpg,1
image866.jpg,1
image867.jpg,1
image868.jpg,1
image869.jpg,1
image870.jpg,1
image871.jpg,1
image872.jpg,5
image873.jpg,1
image874.jpg,1
image875.jpg,1
image876.jpg,1
image877.jpg,1
image878.jpg,1
image879.jpg,1
image880.jpg,1
image881.jpg,1
image882.jpg,1
image883.jpg,1
image884.jpg,1
image885.jpg,1
image886.jpg,1
image887.jpg,1
image888.jpg,1
image889.jpg,1
image890.jpg,1
image891.jpg,1
image892.jpg,1
image893.jpg,1
image894.jpg,1
image895.jpg,3
image896.jpg,1
image897.jpg,1
image898.jpg,2
image899.jpg,2
image900.jpg,1
image901.jpg,1
image902.jpg,1
image903.jpg,1
image904.jpg,2
image905.jpg,1
image906.jpg,1
image907.jpg,5
image908.jpg,1
image909.jpg,1
image910.jpg,1
image911.jpg,5
image912.jpg,1
image913.jpg,3
image914.jpg,1
image915.jpg,1
image916.jpg,1
image917.jpg,1
image918.jpg,3
image919.jpg,1
image920.jpg,2
image921.jpg,1
image922.jpg,1
image923.jpg,1
image924.jpg,1
image925.jpg,1
image926.jpg,1
image927.jpg,1
image928.jpg,1
image929.jpg,3
image930.jpg,1
image931.jpg,5
image932.jpg,1
image933.jpg,5
image934.jpg,1
image935.jpg,1
image936.jpg,2
image937.jpg,1
image938.jpg,1
image939.jpg,3
image940.jpg,1
image941.jpg,1
image942.jpg,1
image943.jpg,1
image944.jpg,3
image945.jpg,3
image946.jpg,1
image947.jpg,1
image948.jpg,5
image949.jpg,1
image950.jpg,1
image951.jpg,1
image952.jpg,1
image953.jpg,3
image954.jpg,1
image955.jpg,5
image956.jpg,1
image957.jpg,1
image958.jpg,1
image959.jpg,1
image960.jpg,1
image961.jpg,1
image962.jpg,4
image963.jpg,1
image964.jpg,1
image965.jpg,1
image966.jpg,1
image967.jpg,1
image968.jpg,1
image969.jpg,1
image970.jpg,5
image971.jpg,3
image972.jpg,1
image973.jpg,1
image974.jpg,1
image975.jpg,1
image976.jpg,1
image977.jpg,1
image978.jpg,1
image979.jpg,1
image980.jpg,1
image981.jpg,1
image982.jpg,1
image983.jpg,1
image984.jpg,1
image985.jpg,5
image986.jpg,1
image987.jpg,1
image988.jpg,1
image989.jpg,1
image990.jpg,1
image991.jpg,1
image992.jpg,1
image993.jpg,2
image994.jpg,1
image995.jpg,1
image996.jpg,1
image997.jpg,1
image998.jpg,5
image999.jpg,1
image1000.jpg,1
image1001.jpg,1
image1002.jpg,3
image1003.jpg,1
image1004.jpg,1
image1005.jpg,1
image1006.jpg,1
image1007.jpg,1
image1008.jpg,1
image1009.jpg,5
image1010.jpg,1
image1011.jpg,1
image1012.jpg,1
image1013.jpg,5
image1014.jpg,2
image1015.jpg,1
image1016.jpg,1
image1017.jpg,1
image1018.jpg,1
image1019.jpg,1
image1020.jpg,1
image1021.jpg,1
image1022.jpg,1
image1023.jpg,1
image1024.jpg,1
image1025.jpg,1
image1026.jpg,1
image1027.jpg,1
image1028.jpg,1
image1029.jpg,1
image1030.jpg,3
image1031.jpg,1
image1032.jpg,1
image1033.jpg,1
image1034.jpg,2
image1035.jpg,1
image1036.jpg,1
image1037.jpg,1
image1038.jpg,1
image1039.jpg,1
image1040.jpg,1
image1041.jpg,1
image1042.jpg,1
image1043.jpg,1
image1044.jpg,3
image1045.jpg,1
image1046.jpg,3
image1047.jpg,5
image1048.jpg,1
image1049.jpg,1
image1050.jpg,1
image1051.jpg,2
image1052.jpg,1
image1053.jpg,3
image1054.jpg,1
image1055.jpg,1
image1056.jpg,1
image1057.jpg,1
image1058.jpg,1
image1059.jpg,1
image1060.jpg,1
image1061.jpg,1
image1062.jpg,1
image1063.jpg,1
image1064.jpg,1
image1065.jpg,3
image1066.jpg,1
image1067.jpg,1
image1068.jpg,1
image1069.jpg,2
image1070.jpg,3
image1071.jpg,1
image1072.jpg,1
image1073.jpg,1
image1074.jpg,1
image1075.jpg,2
image1076.jpg,5
image1077.jpg,5
image1078.jpg,1
image1079.jpg,1
image1080.jpg,1
image1081.jpg,5
image1082.jpg,3
image1083.jpg,1
image1084.jpg,1
image1085.jpg,5
image1086.jpg,1
image1087.jpg,1
image1088.jpg,1
image1089.jpg,3
image1090.jpg,1
image1091.jpg,1
image1092.jpg,1
image1093.jpg,5
image1094.jpg,1
image1095.jpg,3
image1096.jpg,3
image1097.jpg,1
image1098.jpg,1
image1099.jpg,1
image1100.jpg,1
image1101.jpg,1
image1102.jpg,1
image1103.jpg,1
image1104.jpg,1
image1105.jpg,3
image1106.jpg,5
image1107.jpg,1
image1108.jpg,1
image1109.jpg,1
image1110.jpg,1
image1111.jpg,1
image1112.jpg,1
image1113.jpg,3
image1114.jpg,1
image1115.jpg,1
image1116.jpg,1
image1117.jpg,5
image1118.jpg,3
image1119.jpg,1
image1120.jpg,1
image1121.jpg,1
image1122.jpg,5
image1123.jpg,1
image1124.jpg,1
image1125.jpg,1
image1126.jpg,3
image1127.jpg,1
image1128.jpg,1
image1129.jpg,1
image1130.jpg,1
image1131.jpg,5
image1132.jpg,1
image1133.jpg,1
image1134.jpg,1
image1135.jpg,1
image1136.jpg,5
image1137.jpg,1
image1138.jpg,1
image1139.jpg,5
image1140.jpg,1
image1141.jpg,1
image1142.jpg,5
image1143.jpg,1
image1144.jpg,1
image1145.jpg,1
image1146.jpg,2
image1147.jpg,1
image1148.jpg,5
image1149.jpg,1
image1150.jpg,1
image1151.jpg,2
image1152.jpg,5
image1153.jpg,1
image1154.jpg,1
image1155.jpg,1
image1156.jpg,1
image1157.jpg,1
image1158.jpg,1
image1159.jpg,1
image1160.jpg,1
image1161.jpg,2
image1162.jpg,1
image1163.jpg,1
image1164.jpg,1
image1165.jpg,2
image1166.jpg,1
image1167.jpg,1
image1168.jpg,1
image1169.jpg,1
image1170.jpg,1
image1171.jpg,1
image1172.jpg,1
image1173.jpg,1
image1174.jpg,3
image1175.jpg,1
image1176.jpg,1
image1177.jpg,1
image1178.jpg,3
image1179.jpg,1
image1180.jpg,1
image1181.jpg,3
image1182.jpg,1
image1183.jpg,1
image1184.jpg,1
image1185.jpg,1
image1186.jpg,1
image1187.jpg,3
image1188.jpg,1
image1189.jpg,1
image1190.jpg,1
image1191.jpg,1
image1192.jpg,3
image1193.jpg,1
image1194.jpg,2
image1195.jpg,5
image1196.jpg,1
image1197.jpg,1
image1198.jpg,1
image1199.jpg,1
image1200.jpg,1
image1201.jpg,5
image1202.jpg,5
image1203.jpg,1
image1204.jpg,3
image1205.jpg,1
image1206.jpg,2
image1207.jpg,2
image1208.jpg,1
image1209.jpg,1
image1210.jpg,1
image1211.jpg,2
image1212.jpg,2
image1213.jpg,1
image1214.jpg,1
image1215.jpg,1
image1216.jpg,1
image1217.jpg,2
image1218.jpg,1
image1219.jpg,1
image1220.jpg,1
image1221.jpg,1
image1222.jpg,1
image1223.jpg,3
image1224.jpg,1
image1225.jpg,1
image1226.jpg,1
image1227.jpg,3
image1228.jpg,1
image1229.jpg,1
image1230.jpg,1
image1231.jpg,1
image1232.jpg,1
image1233.jpg,1
image1234.jpg,2
image1235.jpg,1
image1236.jpg,1
image1237.jpg,1
image1238.jpg,1
image1239.jpg,1
image1240.jpg,1
image1241.jpg,3
image1242.jpg,1
image1243.jpg,3
image1244.jpg,1
image1245.jpg,1
image1246.jpg,1
image1247.jpg,1
image1248.jpg,4
image1249.jpg,1
image1250.jpg,1
image1251.jpg,1
image1252.jpg,1
image1253.jpg,1
image1254.jpg,4
image1255.jpg,2
image1256.jpg,3
image1257.jpg,1
image1258.jpg,1
image1259.jpg,1
image1260.jpg,1
image1261.jpg,1
image1262.jpg,1
image1263.jpg,5
image1264.jpg,2
image1265.jpg,1
image1266.jpg,1
image1267.jpg,1
image1268.jpg,1
image1269.jpg,1
image1270.jpg,5
image1271.jpg,1
image1272.jpg,1
image1273.jpg,1
image1274.jpg,1
image1275.jpg,1
image1276.jpg,5
image1277.jpg,1
image1278.jpg,1
image1279.jpg,1
image1280.jpg,5
image1281.jpg,2
image1282.jpg,1
image1283.jpg,1
image1284.jpg,5
image1285.jpg,1
image1286.jpg,1
image1287.jpg,1
image1288.jpg,1
image1289.jpg,1
image1290.jpg,1
image1291.jpg,1
image1292.jpg,1
image1293.jpg,1
image1294.jpg,1
image1295.jpg,1
image1296.jpg,1
image1297.jpg,1
image1298.jpg,5
image1299.jpg,1
image1300.jpg,1
image1301.jpg,1
image1302.jpg,1
image1303.jpg,1
image1304.jpg,1
image1305.jpg,1
image1306.jpg,1
image1307.jpg,1
image1308.jpg,1
image1309.jpg,1
image1310.jpg,1
image1311.jpg,1
image1312.jpg,1
image1313.jpg,1
image1314.jpg,1
image1315.jpg,3
image1316.jpg,1
image1317.jpg,4
image1318.jpg,1
image1319.jpg,1
image1320.jpg,1
image1321.jpg,2
image1322.jpg,1
image1323.jpg,2
image1324.jpg,1
image1325.jpg,3
image1326.jpg,1
image1327.jpg,3
image1328.jpg,1
image1329.jpg,1
image1330.jpg,1
image1331.jpg,1
image1332.jpg,1
image1333.jpg,2
image1334.jpg,1
image1335.jpg,1
image1336.jpg,1
image1337.jpg,1
image1338.jpg,1
image1339.jpg,1
image1340.jpg,1
image1341.jpg,1
image1342.jpg,3
image1343.jpg,5
image1344.jpg,1
image1345.jpg,1
image1346.jpg,1
image1347.jpg,1
image1348.jpg,1
image1349.jpg,1
image1350.jpg,4
image1351.jpg,3
image1352.jpg,1
image1353.jpg,1
image1354.jpg,1
image1355.jpg,1
image1356.jpg,1
image1357.jpg,1
image1358.jpg,2
image1359.jpg,1
image1360.jpg,1
image1361.jpg,1
image1362.jpg,1
image1363.jpg,1
image1364.jpg,1
image1365.jpg,1
image1366.jpg,4
image1367.jpg,1
image1368.jpg,3
image1369.jpg,1
image1370.jpg,1
image1371.jpg,1
image1372.jpg,1
image1373.jpg,1
image1374.jpg,1
image1375.jpg,3
image1376.jpg,1
image1377.jpg,1
image1378.jpg,1
image1379.jpg,5
image1380.jpg,1
image1381.jpg,5
image1382.jpg,1
image1383.jpg,1
image1384.jpg,1
image1385.jpg,3
image1386.jpg,1
image1387.jpg,3
image1388.jpg,1
image1389.jpg,1
image1390.jpg,1
image1391.jpg,2
image1392.jpg,1
image1393.jpg,1
image1394.jpg,1
image1395.jpg,1
image1396.jpg,1
image1397.jpg,1
image1398.jpg,1
image1399.jpg,1
image1400.jpg,1
image1401.jpg,1
image1402.jpg,5
image1403.jpg,5
image1404.jpg,1
image1405.jpg,2
image1406.jpg,1
image1407.jpg,1
image1408.jpg,3
image1409.jpg,1
image1410.jpg,5
image1411.jpg,1
image1412.jpg,1
image1413.jpg,1
image1414.jpg,1
image1415.jpg,1
image1416.jpg,2
image1417.jpg,1
image1418.jpg,1
image1419.jpg,1
image1420.jpg,1
image1421.jpg,3
image1422.jpg,1
image1423.jpg,3
image1424.jpg,1
image1425.jpg,1
image1426.jpg,1
image1427.jpg,1
image1428.jpg,3
image1429.jpg,3
image1430.jpg,1
image1431.jpg,1
image1432.jpg,1
image1433.jpg,1
image1434.jpg,1
image1435.jpg,1
image1436.jpg,3
image1437.jpg,1
image1438.jpg,1
image1439.jpg,1
image1440.jpg,1
image1441.jpg,1
image1442.jpg,1
image1443.jpg,1
image1444.jpg,2
image1445.jpg,1
image1446.jpg,5
image1447.jpg,1
image1448.jpg,1
image1449.jpg,1
image1450.jpg,1
image1451.jpg,1
image1452.jpg,5
image1453.jpg,2
image1454.jpg,1
image1455.jpg,1
image1456.jpg,1
image1457.jpg,3
image1458.jpg,1
image1459.jpg,1
image1460.jpg,1
image1461.jpg,1
image1462.jpg,1
image1463.jpg,5
image1464.jpg,1
image1465.jpg,1
image1466.jpg,1
image1467.jpg,3
image1468.jpg,2
image1469.jpg,1
image1470.jpg,1
image1471.jpg,5
image1472.jpg,1
image1473.jpg,1
image1474.jpg,1
image1475.jpg,1
image1476.jpg,1
image1477.jpg,1
image1478.jpg,3
image1479.jpg,1
image1480.jpg,1
image1481.jpg,1
image1482.jpg,3
image1483.jpg,1
image1484.jpg,1
image1485.jpg,5
image1486.jpg,1
image1487.jpg,1
image1488.jpg,1
image1489.jpg,5
image1490.jpg,1
image1491.jpg,2
image1492.jpg,1
image1493.jpg,1
image1494.jpg,5
image1495.jpg,1
image1496.jpg,3
image1497.jpg,1
image1498.jpg,1
image1499.jpg,1
image1500.jpg,5
image1501.jpg,1
image1502.jpg,1
image1503.jpg,1
image1504.jpg,1
image1505.jpg,2
image1506.jpg,1
image1507.jpg,1
image1508.jpg,1
image1509.jpg,1
image1510.jpg,1
image1511.jpg,1
image1512.jpg,1
image1513.jpg,1
image1514.jpg,4
image1515.jpg,1
image1516.jpg,5
image1517.jpg,1
image1518.jpg,1
image1519.jpg,1
image1520.jpg,1
image1521.jpg,1
image1522.jpg,1
image1523.jpg,3
image1524.jpg,2
image1525.jpg,1
image1526.jpg,1
image1527.jpg,1
image1528.jpg,1
image1529.jpg,1
image1530.jpg,2
image1531.jpg,1
image1532.jpg,1
image1533.jpg,1
image1534.jpg,1
image1535.jpg,1
image1536.jpg,1
image1537.jpg,5
image1538.jpg,1
image1539.jpg,1
image1540.jpg,1
image1541.jpg,1
image1542.jpg,5
image1543.jpg,5
image1544.jpg,1
image1545.jpg,5
image1546.jpg,1
image1547.jpg,3
image1548.jpg,1
image1549.jpg,5
image1550.jpg,1
image1551.jpg,1
image1552.jpg,1
image1553.jpg,1
image1554.jpg,1
image1555.jpg,3
image1556.jpg,1
image1557.jpg,1
image1558.jpg,1
image1559.jpg,1
image1560.jpg,1
image1561.jpg,2
image1562.jpg,1
image1563.jpg,1
image1564.jpg,1
image1565.jpg,1
image1566.jpg,1
image1567.jpg,1
image1568.jpg,1
image1569.jpg,2
image1570.jpg,3
image1571.jpg,1
image1572.jpg,3
image1573.jpg,3
image1574.jpg,1
image1575.jpg,1
image1576.jpg,5
image1577.jpg,1
image1578.jpg,1
image1579.jpg,5
image1580.jpg,4
image1581.jpg,1
image1582.jpg,1
image1583.jpg,1
image1584.jpg,5
image1585.jpg,1
image1586.jpg,1
image1587.jpg,1
image1588.jpg,1
image1589.jpg,1
image1590.jpg,1
image1591.jpg,1
image1592.jpg,1
image1593.jpg,1
image1594.jpg,1
image1595.jpg,1
image1596.jpg,2
image1597.jpg,1
image1598.jpg,1
image1599.jpg,5
image1600.jpg,1
image1601.jpg,1
image1602.jpg,1
image1603.jpg,1
image1604.jpg,1
image1605.jpg,1
image1606.jpg,5
image1607.jpg,1
image1608.jpg,1
image1609.jpg,1
image1610.jpg,1
image1611.jpg,5
image1612.jpg,3
image1613.jpg,1
image1614.jpg,1
image1615.jpg,1
image1616.jpg,2
image1617.jpg,2
image1618.jpg,1
image1619.jpg,5
image1620.jpg,1
image1621.jpg,1
image1622.jpg,1
image1623.jpg,5
image1624.jpg,1
image1625.jpg,1
image1626.jpg,1
image1627.jpg,1
image1628.jpg,1
image1629.jpg,4
image1630.jpg,1
image1631.jpg,3
image1632.jpg,3
image1633.jpg,1
image1634.jpg,5
image1635.jpg,1
image1636.jpg,1
image1637.jpg,1
image1638.jpg,5
image1639.jpg,1
image1640.jpg,1
image1641.jpg,1
image1642.jpg,3
image1643.jpg,1
image1644.jpg,1
image1645.jpg,1
image1646.jpg,1
image1647.jpg,5
image1648.jpg,1
image1649.jpg,1
image1650.jpg,1
image1651.jpg,1
image1652.jpg,5
image1653.jpg,1
image1654.jpg,1
image1655.jpg,1
image1656.jpg,1
image1657.jpg,1
image1658.jpg,1
image1659.jpg,1
image1660.jpg,3
image1661.jpg,1
image1662.jpg,1
image1663.jpg,3
image1664.jpg,3
image1665.jpg,1
image1666.jpg,1
image1667.jpg,3
image1668.jpg,1
image1669.jpg,1
image1670.jpg,1
image1671.jpg,1
image1672.jpg,1
image1673.jpg,1
image1674.jpg,1
image1675.jpg,1
image1676.jpg,2
image1677.jpg,1
image1678.jpg,1
image1679.jpg,1
image1680.jpg,1
image1681.jpg,5
image1682.jpg,1
image1683.jpg,1
image1684.jpg,1
image1685.jpg,1
image1686.jpg,3
image1687.jpg,1
image1688.jpg,1
image1689.jpg,3
image1690.jpg,1
image1691.jpg,1
image1692.jpg,1
image1693.jpg,1
image1694.jpg,4
image1695.jpg,1
image1696.jpg,1
image1697.jpg,1
image1698.jpg,1
image1699.jpg,5
image1700.jpg,1
image1701.jpg,1
image1702.jpg,1
image1703.jpg,1
image1704.jpg,5
image1705.jpg,1
image1706.jpg,1
image1707.jpg,3
image1708.jpg,1
image1709.jpg,1
image1710.jpg,1
image1711.jpg,3
image1712.jpg,2
image1713.jpg,1
image1714.jpg,1
image1715.jpg,1
image1716.jpg,1
image1717.jpg,3
image1718.jpg,1
image1719.jpg,1
image1720.jpg,1
image1721.jpg,5
image1722.jpg,3
image1723.jpg,5
image1724.jpg,1
image1725.jpg,1
image1726.jpg,1
image1727.jpg,5
image1728.jpg,1
image1729.jpg,1
image1730.jpg,1
image1731.jpg,3
image1732.jpg,1
image1733.jpg,1
image1734.jpg,1
image1735.jpg,1
image1736.jpg,1
image1737.jpg,1
image1738.jpg,3
image1739.jpg,1
image1740.jpg,1
image1741.jpg,1
image1742.jpg,1
image1743.jpg,5
image1744.jpg,1
image1745.jpg,1
image1746.jpg,1
image1747.jpg,1
image1748.jpg,1
image1749.jpg,1
image1750.jpg,1
image1751.jpg,1
image1752.jpg,5
image1753.jpg,1
image1754.jpg,2
image1755.jpg,1
image1756.jpg,1
image1757.jpg,1
image1758.jpg,1
image1759.jpg,3
image1760.jpg,1
image1761.jpg,1
image1762.jpg,1
image1763.jpg,1
image1764.jpg,1
image1765.jpg,5
image1766.jpg,1
image1767.jpg,1
image1768.jpg,1
image1769.jpg,1
image1770.jpg,1
image1771.jpg,3
image1772.jpg,3
image1773.jpg,1
image1774.jpg,1
image1775.jpg,1
image1776.jpg,1
image1777.jpg,1
image1778.jpg,1
image1779.jpg,1
image1780.jpg,5
image1781.jpg,1
image1782.jpg,5
image1783.jpg,1
image1784.jpg,1
image1785.jpg,3
image1786.jpg,1
image1787.jpg,1
image1788.jpg,1
image1789.jpg,1
image1790.jpg,1
image1791.jpg,2
image1792.jpg,1
image1793.jpg,3
image1794.jpg,5
image1795.jpg,1
image1796.jpg,1
image1797.jpg,1
image1798.jpg,1
image1799.jpg,1
image1800.jpg,1
image1801.jpg,1
image1802.jpg,1
image1803.jpg,1
image1804.jpg,3
image1805.jpg,1
image1806.jpg,5
image1807.jpg,1
image1808.jpg,1
image1809.jpg,1
image1810.jpg,1
image1811.jpg,1
image1812.jpg,5
image1813.jpg,1
image1814.jpg,1
image1815.jpg,1
image1816.jpg,5
image1817.jpg,3
image1818.jpg,1
image1819.jpg,1
image1820.jpg,1
image1821.jpg,1
image1822.jpg,1
image1823.jpg,1
image1824.jpg,1
image1825.jpg,2
image1826.jpg,1
image1827.jpg,2
image1828.jpg,1
image1829.jpg,1
image1830.jpg,1
image1831.jpg,1
image1832.jpg,1
image1833.jpg,5
image1834.jpg,1
image1835.jpg,1
image1836.jpg,1
image1837.jpg,1
image1838.jpg,1
image1839.jpg,1
image1840.jpg,1
image1841.jpg,1
image1842.jpg,1
image1843.jpg,1
image1844.jpg,1
image1845.jpg,1
image1846.jpg,1
image1847.jpg,1
image1848.jpg,1
image1849.jpg,2
image1850.jpg,1
image1851.jpg,1
image1852.jpg,1
image1853.jpg,1
image1854.jpg,2
image1855.jpg,2
image1856.jpg,3
image1857.jpg,1
image1858.jpg,1
image1859.jpg,1
image1860.jpg,1
image1861.jpg,1
image1862.jpg,1
image1863.jpg,1
image1864.jpg,1
image1865.jpg,1
image1866.jpg,1
image1867.jpg,1
image1868.jpg,3
image1869.jpg,5
image1870.jpg,1
image1871.jpg,1
image1872.jpg,1
image1873.jpg,1
image1874.jpg,3
image1875.jpg,1
image1876.jpg,5
image1877.jpg,5
image1878.jpg,1
image1879.jpg,3
image1880.jpg,1
image1881.jpg,1
image1882.jpg,1
image1883.jpg,1
image1884.jpg,1
image1885.jpg,1
image1886.jpg,1
image1887.jpg,5
image1888.jpg,1
image1889.jpg,1
image1890.jpg,3
image1891.jpg,1
image1892.jpg,1
image1893.jpg,3
image1894.jpg,1
image1895.jpg,1
image1896.jpg,5
image1897.jpg,1
image1898.jpg,5
image1899.jpg,3
image1900.jpg,1
image1901.jpg,5
image1902.jpg,3
image1903.jpg,1
image1904.jpg,1
image1905.jpg,1
image1906.jpg,1
image1907.jpg,5
image1908.jpg,1
image1909.jpg,1
image1910.jpg,1
image1911.jpg,1
image1912.jpg,1
image1913.jpg,5
image1914.jpg,1
image1915.jpg,1
image1916.jpg,1
image1917.jpg,1
image1918.jpg,1
image1919.jpg,3
image1920.jpg,1
image1921.jpg,1
image1922.jpg,1
image1923.jpg,1
image1924.jpg,1
image1925.jpg,1
image1926.jpg,3
image1927.jpg,1
image1928.jpg,1
image1929.jpg,1
image1930.jpg,1
image1931.jpg,1
image1932.jpg,2
image1933.jpg,1
image1934.jpg,1
image1935.jpg,1
image1936.jpg,1
image1937.jpg,1
image1938.jpg,1
image1939.jpg,1
image1940.jpg,1
image1941.jpg,1
image1942.jpg,1
image1943.jpg,5
image1944.jpg,1
image1945.jpg,5
image1946.jpg,1
image1947.jpg,1
image1948.jpg,1
image1949.jpg,1
image1950.jpg,5
image1951.jpg,3
image1952.jpg,1
image1953.jpg,1
image1954.jpg,5
image1955.jpg,2
image1956.jpg,1
image1957.jpg,5
image1958.jpg,3
image1959.jpg,1
image1960.jpg,1
image1961.jpg,1
image1962.jpg,1
image1963.jpg,1
image1964.jpg,1
image1965.jpg,1
image1966.jpg,1
image1967.jpg,1
image1968.jpg,1
image1969.jpg,1
image1970.jpg,1
image1971.jpg,1
image1972.jpg,1
image1973.jpg,1
image1974.jpg,1
image1975.jpg,1
image1976.jpg,1
image1977.jpg,1
image1978.jpg,1
image1979.jpg,1
image1980.jpg,1
image1981.jpg,5
image1982.jpg,1
image1983.jpg,1
image1984.jpg,5
image1985.jpg,1
image1986.jpg,5
image1987.jpg,1
image1988.jpg,5
image1989.jpg,5
image1990.jpg,1
image1991.jpg,1
image1992.jpg,1
image1993.jpg,1
image1994.jpg,3
image1995.jpg,5
image1996.jpg,1
image1997.jpg,5
image1998.jpg,1
image1999.jpg,1
image2000.jpg,2
image2001.jpg,3
image2002.jpg,1
image2003.jpg,1
image2004.jpg,1
image2005.jpg,1
image2006.jpg,5
image2007.jpg,1
image2008.jpg,5
image2009.jpg,1
image2010.jpg,1
image2011.jpg,1
image2012.jpg,2
image2013.jpg,1
image2014.jpg,5
image2015.jpg,1
image2016.jpg,5
image2017.jpg,1
image2018.jpg,1
image2019.jpg,1
image2020.jpg,3
image2021.jpg,5
image2022.jpg,1
image2023.jpg,1
image2024.jpg,1
image2025.jpg,5
image2026.jpg,1
image2027.jpg,1
image2028.jpg,1
image2029.jpg,1
image2030.jpg,1
image2031.jpg,4
image2032.jpg,1
image2033.jpg,1
image2034.jpg,1
image2035.jpg,5
image2036.jpg,1
image2037.jpg,1
image2038.jpg,1
image2039.jpg,1
image2040.jpg,1
image2041.jpg,1
image2042.jpg,1
image2043.jpg,3
image2044.jpg,5
image2045.jpg,1
image2046.jpg,1
image2047.jpg,1
image2048.jpg,1
image2049.jpg,1
image2050.jpg,1
image2051.jpg,1
image2052.jpg,1
image2053.jpg,1
image2054.jpg,1
image2055.jpg,1
image2056.jpg,1
image2057.jpg,1
image2058.jpg,1
image2059.jpg,1
image2060.jpg,1
image2061.jpg,1
image2062.jpg,1
image2063.jpg,1
image2064.jpg,1
image2065.jpg,1
image2066.jpg,1
image2067.jpg,1
image2068.jpg,1
image2069.jpg,1
image2070.jpg,1
image2071.jpg,1
image2072.jpg,1
image2073.jpg,1
image2074.jpg,1
image2075.jpg,1
image2076.jpg,5
image2077.jpg,1
image2078.jpg,1
image2079.jpg,1
image2080.jpg,1
image2081.jpg,5
image2082.jpg,2
image2083.jpg,3
image2084.jpg,1
image2085.jpg,1
image2086.jpg,1
image2087.jpg,1
image2088.jpg,1
image2089.jpg,1
image2090.jpg,1
image2091.jpg,1
image2092.jpg,1
image2093.jpg,1
image2094.jpg,1
image2095.jpg,1
image2096.jpg,5
image2097.jpg,1
image2098.jpg,1
image2099.jpg,1
image2100.jpg,1
image2101.jpg,1
image2102.jpg,1
image2103.jpg,1
image2104.jpg,1
image2105.jpg,1
image2106.jpg,1
image2107.jpg,1
image2108.jpg,1
image2109.jpg,1
image2110.jpg,1
image2111.jpg,1
image2112.jpg,1
image2113.jpg,3
image2114.jpg,1
image2115.jpg,1
image2116.jpg,4
image2117.jpg,1
image2118.jpg,1
image2119.jpg,1
image2120.jpg,1
image2121.jpg,1
image2122.jpg,1
image2123.jpg,1
image2124.jpg,3
image2125.jpg,1
image2126.jpg,1
image2127.jpg,1
image2128.jpg,1
image2129.jpg,1
image2130.jpg,1
image2131.jpg,1
image2132.jpg,1
image2133.jpg,1
image2134.jpg,1
image2135.jpg,1
image2136.jpg,1
image2137.jpg,1
image2138.jpg,1
image2139.jpg,5
image2140.jpg,2
image2141.jpg,1
image2142.jpg,5
image2143.jpg,5
image2144.jpg,3
image2145.jpg,3
image2146.jpg,1
image2147.jpg,1
image2148.jpg,5
image2149.jpg,1
image2150.jpg,1
image2151.jpg,1
image2152.jpg,1
image2153.jpg,1
image2154.jpg,1
image2155.jpg,1
image2156.jpg,3
image2157.jpg,3
image2158.jpg,5
image2159.jpg,1
image2160.jpg,1
image2161.jpg,1
image2162.jpg,1
image2163.jpg,1
image2164.jpg,1
image2165.jpg,5
image2166.jpg,1
image2167.jpg,1
image2168.jpg,1
image2169.jpg,1
image2170.jpg,1
image2171.jpg,1
image2172.jpg,1
image2173.jpg,1
image2174.jpg,3
image2175.jpg,3
image2176.jpg,5
image2177.jpg,1
image2178.jpg,1
image2179.jpg,1
image2180.jpg,1
image2181.jpg,1
image2182.jpg,1
image2183.jpg,1
image2184.jpg,1
image2185.jpg,1
image2186.jpg,1
image2187.jpg,5
image2188.jpg,1
image2189.jpg,1
image2190.jpg,1
image2191.jpg,1
image2192.jpg,1
image2193.jpg,3
image2194.jpg,1
image2195.jpg,4
image2196.jpg,1
image2197.jpg,1
image2198.jpg,5
image2199.jpg,1
image2200.jpg,1
image2201.jpg,1
image2202.jpg,1
image2203.jpg,1
image2204.jpg,1
image2205.jpg,1
image2206.jpg,1
image2207.jpg,1
image2208.jpg,2
image2209.jpg,1
image2210.jpg,1
image2211.jpg,1
image2212.jpg,2
image2213.jpg,5
image2214.jpg,1
image2215.jpg,2
image2216.jpg,1
image2217.jpg,1
image2218.jpg,1
image2219.jpg,2
image2220.jpg,1
image2221.jpg,5
image2222.jpg,1
image2223.jpg,5
image2224.jpg,2
image2225.jpg,3
image2226.jpg,1
image2227.jpg,1
image2228.jpg,1
image2229.jpg,1
image2230.jpg,1
image2231.jpg,1
image2232.jpg,5
image2233.jpg,5
image2234.jpg,1
image2235.jpg,1
image2236.jpg,1
image2237.jpg,1
image2238.jpg,1
image2239.jpg,5
image2240.jpg,1
image2241.jpg,1
image2242.jpg,1
image2243.jpg,1
image2244.jpg,1
image2245.jpg,5
image2246.jpg,1
image2247.jpg,1
image2248.jpg,2
image2249.jpg,1
image2250.jpg,1
image2251.jpg,2
image2252.jpg,1
image2253.jpg,1
image2254.jpg,1
image2255.jpg,1
image2256.jpg,1
image2257.jpg,1
image2258.jpg,1
image2259.jpg,3
image2260.jpg,4
image2261.jpg,1
image2262.jpg,3
image2263.jpg,1
image2264.jpg,1
image2265.jpg,1
image2266.jpg,1
image2267.jpg,5
image2268.jpg,1
image2269.jpg,1
image2270.jpg,1
image2271.jpg,1
image2272.jpg,1
image2273.jpg,1
image2274.jpg,1
image2275.jpg,1
image2276.jpg,1
image2277.jpg,1
image2278.jpg,1
image2279.jpg,1
image2280.jpg,1
image2281.jpg,1
image2282.jpg,1
image2283.jpg,1
image2284.jpg,1
image2285.jpg,5
image2286.jpg,1
image2287.jpg,1
image2288.jpg,1
image2289.jpg,1
image2290.jpg,1
image2291.jpg,1
image2292.jpg,1
image2293.jpg,1
image2294.jpg,1
image2295.jpg,3
image2296.jpg,1
image2297.jpg,1
image2298.jpg,2
image2299.jpg,3
image2300.jpg,5
image2301.jpg,1
image2302.jpg,1
image2303.jpg,1
image2304.jpg,1
image2305.jpg,1
image2306.jpg,2
image2307.jpg,1
image2308.jpg,1
image2309.jpg,1
image2310.jpg,1
image2311.jpg,3
image2312.jpg,1
image2313.jpg,1
image2314.jpg,5
image2315.jpg,1
image2316.jpg,1
image2317.jpg,1
image2318.jpg,1
image2319.jpg,1
image2320.jpg,1
image2321.jpg,1
image2322.jpg,1
image2323.jpg,1
image2324.jpg,5
image2325.jpg,3
image2326.jpg,1
image2327.jpg,1
image2328.jpg,1
image2329.jpg,1
image2330.jpg,2
image2331.jpg,1
image2332.jpg,1
image2333.jpg,4
image2334.jpg,1
image2335.jpg,1
image2336.jpg,1
image2337.jpg,1
image2338.jpg,1
image2339.jpg,1
image2340.jpg,5
image2341.jpg,5
image2342.jpg,1
image2343.jpg,1
image2344.jpg,1
image2345.jpg,1
image2346.jpg,1
image2347.jpg,1
image2348.jpg,5
image2349.jpg,1
image2350.jpg,1
image2351.jpg,1
image2352.jpg,1
image2353.jpg,3
image2354.jpg,4
image2355.jpg,1
image2356.jpg,1
image2357.jpg,1
image2358.jpg,1
image2359.jpg,1
image2360.jpg,1
image2361.jpg,1
image2362.jpg,1
image2363.jpg,1
image2364.jpg,1
image2365.jpg,1
image2366.jpg,1
image2367.jpg,1
image2368.jpg,5
image2369.jpg,1
image2370.jpg,1
image2371.jpg,1
image2372.jpg,1
image2373.jpg,1
image2374.jpg,5
image2375.jpg,3
image2376.jpg,1
image2377.jpg,3
image2378.jpg,1
image2379.jpg,1
image2380.jpg,1
image2381.jpg,1
image2382.jpg,1
image2383.jpg,1
image2384.jpg,1
image2385.jpg,5
image2386.jpg,1
image2387.jpg,1
image2388.jpg,1
image2389.jpg,1
image2390.jpg,2
image2391.jpg,1
image2392.jpg,1
image2393.jpg,1
image2394.jpg,1
image2395.jpg,3
image2396.jpg,5
image2397.jpg,1
image2398.jpg,1
image2399.jpg,1
image2400.jpg,5
image2401.jpg,1
image2402.jpg,1
image2403.jpg,1
image2404.jpg,1
image2405.jpg,1
image2406.jpg,1
image2407.jpg,1
image2408.jpg,1
image2409.jpg,1
image2410.jpg,1
image2411.jpg,3
image2412.jpg,1
image2413.jpg,1
image2414.jpg,5
image2415.jpg,1
image2416.jpg,1
image2417.jpg,1
image2418.jpg,1
image2419.jpg,1
image2420.jpg,1
image2421.jpg,1
image2422.jpg,1
image2423.jpg,1
image2424.jpg,1
image2425.jpg,1
image2426.jpg,1
image2427.jpg,3
image2428.jpg,1
image2429.jpg,1
image2430.jpg,1
image2431.jpg,1
image2432.jpg,1
image2433.jpg,1
image2434.jpg,1
image2435.jpg,1
image2436.jpg,2
image2437.jpg,4
image2438.jpg,2
image2439.jpg,1
image2440.jpg,1
image2441.jpg,2
image2442.jpg,1
image2443.jpg,1
image2444.jpg,1
image2445.jpg,5
image2446.jpg,1
image2447.jpg,1
image2448.jpg,3
image2449.jpg,2
image2450.jpg,5
image2451.jpg,2
image2452.jpg,1
image2453.jpg,1
image2454.jpg,1
image2455.jpg,1
image2456.jpg,1
image2457.jpg,1
image2458.jpg,3
image2459.jpg,1
image2460.jpg,1
image2461.jpg,1
image2462.jpg,3
image2463.jpg,1
image2464.jpg,1
image2465.jpg,1
image2466.jpg,5
image2467.jpg,1
image2468.jpg,1
image2469.jpg,1
image2470.jpg,1
image2471.jpg,3
image2472.jpg,1
image2473.jpg,1
image2474.jpg,5
image2475.jpg,1
image2476.jpg,1
image2477.jpg,1
image2478.jpg,1
image2479.jpg,1
image2480.jpg,1
image2481.jpg,1
image2482.jpg,1
image2483.jpg,1
image2484.jpg,1
image2485.jpg,1
image2486.jpg,1
image2487.jpg,1
image2488.jpg,3
image2489.jpg,1
image2490.jpg,1
image2491.jpg,1
image2492.jpg,1
image2493.jpg,1
image2494.jpg,1
image2495.jpg,1
image2496.jpg,1
image2497.jpg,1
image2498.jpg,2
image2499.jpg,5
image2500.jpg,1
image2501.jpg,1
image2502.jpg,1
image2503.jpg,1
image2504.jpg,1
image2505.jpg,1
image2506.jpg,5
image2507.jpg,1
image2508.jpg,1
image2509.jpg,1
image2510.jpg,1
image2511.jpg,1
image2512.jpg,1
image2513.jpg,3
image2514.jpg,1
image2515.jpg,1
image2516.jpg,5
image2517.jpg,1
image2518.jpg,1
image2519.jpg,1
image2520.jpg,1
image2521.jpg,1
image2522.jpg,5
image2523.jpg,1
image2524.jpg,1
image2525.jpg,1
image2526.jpg,1
image2527.jpg,5
image2528.jpg,1
image2529.jpg,1
image2530.jpg,1
image2531.jpg,1
image2532.jpg,1
image2533.jpg,1
image2534.jpg,1
image2535.jpg,1
image2536.jpg,1
image2537.jpg,1
image2538.jpg,1
image2539.jpg,1
image2540.jpg,1
image2541.jpg,1
image2542.jpg,1
image2543.jpg,1
image2544.jpg,5
image2545.jpg,3
image2546.jpg,1
image2547.jpg,1
image2548.jpg,3
image2549.jpg,5
image2550.jpg,5
image2551.jpg,1
image2552.jpg,1
image2553.jpg,1
image2554.jpg,1
image2555.jpg,3
image2556.jpg,1
image2557.jpg,1
image2558.jpg,4
image2559.jpg,1
image2560.jpg,1
image2561.jpg,1
image2562.jpg,3
image2563.jpg,1
image2564.jpg,1
image2565.jpg,1
image2566.jpg,5
image2567.jpg,5
image2568.jpg,1
image2569.jpg,4
image2570.jpg,1
image2571.jpg,1
image2572.jpg,1
image2573.jpg,1
image2574.jpg,3
image2575.jpg,1
image2576.jpg,2
image2577.jpg,1
image2578.jpg,1
image2579.jpg,1
image2580.jpg,1
image2581.jpg,1
image2582.jpg,1
image2583.jpg,1
image2584.jpg,1
image2585.jpg,1
image2586.jpg,1
image2587.jpg,1
image2588.jpg,1
image2589.jpg,1
image2590.jpg,1
image2591.jpg,1
image2592.jpg,1
image2593.jpg,1
image2594.jpg,1
image2595.jpg,1
image2596.jpg,3
image2597.jpg,1
image2598.jpg,1
image2599.jpg,1
image2600.jpg,1
image2601.jpg,1
image2602.jpg,1
image2603.jpg,1
image2604.jpg,5
image2605.jpg,1
image2606.jpg,1
image2607.jpg,1
image2608.jpg,1
image2609.jpg,1
image2610.jpg,1
image2611.jpg,1
image2612.jpg,1
image2613.jpg,1
image2614.jpg,1
image2615.jpg,1
image2616.jpg,1
image2617.jpg,2
image2618.jpg,1
image2619.jpg,1
image2620.jpg,1
image2621.jpg,1
image2622.jpg,1
image2623.jpg,1
image2624.jpg,1
image2625.jpg,1
image2626.jpg,3
image2627.jpg,2
image2628.jpg,1
image2629.jpg,1
image2630.jpg,3
image2631.jpg,2
image2632.jpg,1
image2633.jpg,1
image2634.jpg,1
image2635.jpg,1
image2636.jpg,5
image2637.jpg,1
image2638.jpg,1
image2639.jpg,1
image2640.jpg,3
image2641.jpg,1
image2642.jpg,3
image2643.jpg,1
image2644.jpg,1
image2645.jpg,5
image2646.jpg,1
image2647.jpg,1
image2648.jpg,1
image2649.jpg,1
image2650.jpg,1
image2651.jpg,1
image2652.jpg,1
image2653.jpg,1
image2654.jpg,3
image2655.jpg,1
image2656.jpg,1
image2657.jpg,1
image2658.jpg,1
image2659.jpg,1
image2660.jpg,1
image2661.jpg,1
image2662.jpg,5
image2663.jpg,5
image2664.jpg,1
image2665.jpg,1
image2666.jpg,3
image2667.jpg,1
image2668.jpg,1
image2669.jpg,1
image2670.jpg,1
image2671.jpg,1
image2672.jpg,1
image2673.jpg,1
image2674.jpg,1
image2675.jpg,1
image2676.jpg,1
image2677.jpg,1
image2678.jpg,1
image2679.jpg,1
image2680.jpg,1
image2681.jpg,1
image2682.jpg,1
image2683.jpg,1
image2684.jpg,1
image2685.jpg,1
image2686.jpg,3
image2687.jpg,3
image2688.jpg,1
image2689.jpg,1
image2690.jpg,1
image2691.jpg,3
image2692.jpg,3
image2693.jpg,2
image2694.jpg,1
image2695.jpg,5
image2696.jpg,1
image2697.jpg,1
image2698.jpg,1
image2699.jpg,1
image2700.jpg,1
image2701.jpg,1
image2702.jpg,1
image2703.jpg,1
image2704.jpg,1
image2705.jpg,1
image2706.jpg,5
image2707.jpg,1
image2708.jpg,1
image2709.jpg,1
image2710.jpg,1
image2711.jpg,1
image2712.jpg,1
image2713.jpg,1
image2714.jpg,5
image2715.jpg,1
image2716.jpg,1
image2717.jpg,1
image2718.jpg,1
image2719.jpg,1
image2720.jpg,1
image2721.jpg,1
image2722.jpg,1
image2723.jpg,3
image2724.jpg,3
image2725.jpg,1
image2726.jpg,1
image2727.jpg,1
image2728.jpg,5
image2729.jpg,1
image2730.jpg,1
image2731.jpg,1
image2732.jpg,5
image2733.jpg,1
image2734.jpg,5
image2735.jpg,1
image2736.jpg,1
image2737.jpg,1
image2738.jpg,1
image2739.jpg,1
image2740.jpg,1
image2741.jpg,1
image2742.jpg,5
image2743.jpg,1
image2744.jpg,1
image2745.jpg,1
image2746.jpg,1
image2747.jpg,3
image2748.jpg,1
image2749.jpg,1
image2750.jpg,1
image2751.jpg,1
image2752.jpg,1
image2753.jpg,1
image2754.jpg,1
image2755.jpg,1
image2756.jpg,1
image2757.jpg,1
image2758.jpg,1
image2759.jpg,1
image2760.jpg,5
image2761.jpg,2
image2762.jpg,1
image2763.jpg,1
image2764.jpg,1
image2765.jpg,1
image2766.jpg,1
image2767.jpg,1
image2768.jpg,3
image2769.jpg,5
image2770.jpg,3
image2771.jpg,5
image2772.jpg,1
image2773.jpg,1
image2774.jpg,1
image2775.jpg,1
image2776.jpg,1
image2777.jpg,5
image2778.jpg,1
image2779.jpg,1
image2780.jpg,1
image2781.jpg,1
image2782.jpg,3
image2783.jpg,1
image2784.jpg,1
image2785.jpg,1
image2786.jpg,1
image2787.jpg,1
image2788.jpg,1
image2789.jpg,1
image2790.jpg,1
image2791.jpg,1
image2792.jpg,1
image2793.jpg,5
image2794.jpg,5
image2795.jpg,1
image2796.jpg,5
image2797.jpg,5
image2798.jpg,1
image2799.jpg,5
image2800.jpg,5
image2801.jpg,1
image2802.jpg,1
image2803.jpg,1
image2804.jpg,5
image2805.jpg,1
image2806.jpg,1
image2807.jpg,2
image2808.jpg,5
image2809.jpg,1
image2810.jpg,1
image2811.jpg,1
image2812.jpg,1
image2813.jpg,1
image2814.jpg,1
image2815.jpg,1
image2816.jpg,1
image2817.jpg,1
image2818.jpg,1
image2819.jpg,1
image2820.jpg,2
image2821.jpg,1
image2822.jpg,2
image2823.jpg,5
image2824.jpg,1
image2825.jpg,3
image2826.jpg,1
image2827.jpg,1
image2828.jpg,2
image2829.jpg,1
image2830.jpg,1
image2831.jpg,1
image2832.jpg,1
image2833.jpg,1
image2834.jpg,2
image2835.jpg,1
image2836.jpg,1
image2837.jpg,1
image2838.jpg,1
image2839.jpg,5
image2840.jpg,2
image2841.jpg,1
image2842.jpg,2
image2843.jpg,1
image2844.jpg,1
image2845.jpg,5
image2846.jpg,1
image2847.jpg,1
image2848.jpg,1
image2849.jpg,1
image2850.jpg,1
image2851.jpg,1
image2852.jpg,1
image2853.jpg,1
image2854.jpg,1
image2855.jpg,1
image2856.jpg,1
image2857.jpg,1
image2858.jpg,1
image2859.jpg,1
image2860.jpg,1
image2861.jpg,5
image2862.jpg,1
image2863.jpg,1
image2864.jpg,1
image2865.jpg,1
image2866.jpg,1
image2867.jpg,1
image2868.jpg,5
image2869.jpg,1
image2870.jpg,1
image2871.jpg,1
image2872.jpg,5
image2873.jpg,1
image2874.jpg,3
image2875.jpg,1
image2876.jpg,1
image2877.jpg,2
image2878.jpg,1
image2879.jpg,1
image2880.jpg,1
image2881.jpg,1
image2882.jpg,1
image2883.jpg,1
image2884.jpg,5
image2885.jpg,1
image2886.jpg,1
image2887.jpg,1
image2888.jpg,1
image2889.jpg,5
image2890.jpg,1
image2891.jpg,3
image2892.jpg,1
image2893.jpg,5
image2894.jpg,1
image2895.jpg,1
image2896.jpg,1
image2897.jpg,1
image2898.jpg,1
image2899.jpg,1
image2900.jpg,1
image2901.jpg,1
image2902.jpg,1
image2903.jpg,1
image2904.jpg,1
image2905.jpg,1
image2906.jpg,1
image2907.jpg,1
image2908.jpg,1
image2909.jpg,1
image2910.jpg,1
image2911.jpg,1
image2912.jpg,1
image2913.jpg,1
image2914.jpg,1
image2915.jpg,1
image2916.jpg,2
image2917.jpg,1
image2918.jpg,1
image2919.jpg,1
image2920.jpg,1
image2921.jpg,1
image2922.jpg,1
image2923.jpg,1
image2924.jpg,1
image2925.jpg,5
image2926.jpg,1
image2927.jpg,1
image2928.jpg,3
image2929.jpg,1
image2930.jpg,1
image2931.jpg,5
image2932.jpg,1
image2933.jpg,3
image2934.jpg,1
image2935.jpg,1
image2936.jpg,1
image2937.jpg,1
image2938.jpg,1
image2939.jpg,1
image2940.jpg,3
image2941.jpg,1
image2942.jpg,1
image2943.jpg,1
image2944.jpg,1
image2945.jpg,1
image2946.jpg,1
image2947.jpg,1
image2948.jpg,2
image2949.jpg,1
image2950.jpg,5
image2951.jpg,3
image2952.jpg,5
image2953.jpg,1
image2954.jpg,3
image2955.jpg,1
image2956.jpg,1
image2957.jpg,1
image2958.jpg,1
image2959.jpg,1
image2960.jpg,5
image2961.jpg,3
image2962.jpg,1
image2963.jpg,2
image2964.jpg,1
image2965.jpg,1
image2966.jpg,1
image2967.jpg,3
image2968.jpg,4
image2969.jpg,1
image2970.jpg,1
image2971.jpg,1
image2972.jpg,1
image2973.jpg,1
image2974.jpg,1
image2975.jpg,5
image2976.jpg,1
image2977.jpg,1
image2978.jpg,1
image2979.jpg,1
image2980.jpg,1
image2981.jpg,1
image2982.jpg,1
image2983.jpg,1
image2984.jpg,5
image2985.jpg,1
image2986.jpg,3
image2987.jpg,2
image2988.jpg,1
image2989.jpg,3
image2990.jpg,1
image2991.jpg,1
image2992.jpg,5
image2993.jpg,2
image2994.jpg,1
image2995.jpg,1
image2996.jpg,1
image2997.jpg,1
image2998.jpg,2
image2999.jpg,1
image3000.jpg,1
image3001.jpg,1
image3002.jpg,2
image3003.jpg,1
image3004.jpg,1
image3005.jpg,2
image3006.jpg,5
image3007.jpg,1
image3008.jpg,5
image3009.jpg,1
image3010.jpg,5
image3011.jpg,4
image3012.jpg,1
image3013.jpg,1
image3014.jpg,1
image3015.jpg,1
image3016.jpg,1
image3017.jpg,2
image3018.jpg,3
image3019.jpg,1
image3020.jpg,3
image3021.jpg,1
image3022.jpg,5
image3023.jpg,5
image3024.jpg,1
image3025.jpg,3
image3026.jpg,1
image3027.jpg,1
image3028.jpg,3
image3029.jpg,1
image3030.jpg,5
image3031.jpg,1
image3032.jpg,1
image3033.jpg,1
image3034.jpg,1
image3035.jpg,1
image3036.jpg,1
image3037.jpg,2
image3038.jpg,1
image3039.jpg,5
image3040.jpg,1
image3041.jpg,1
image3042.jpg,5
image3043.jpg,3
image3044.jpg,1
image3045.jpg,1
image3046.jpg,1
image3047.jpg,1
image3048.jpg,3
image3049.jpg,1
image3050.jpg,1
image3051.jpg,5
image3052.jpg,1
image3053.jpg,1
image3054.jpg,1
image3055.jpg,1
image3056.jpg,1
image3057.jpg,1
image3058.jpg,1
image3059.jpg,1
image3060.jpg,5
image3061.jpg,5
image3062.jpg,3
image3063.jpg,1
image3064.jpg,1
image3065.jpg,1
image3066.jpg,1
image3067.jpg,1
image3068.jpg,1
image3069.jpg,1
image3070.jpg,1
image3071.jpg,2
image3072.jpg,1
image3073.jpg,1
image3074.jpg,1
image3075.jpg,1
image3076.jpg,1
image3077.jpg,1
image3078.jpg,2
image3079.jpg,1
image3080.jpg,1
image3081.jpg,5
image3082.jpg,5
image3083.jpg,1
image3084.jpg,3
image3085.jpg,5
image3086.jpg,1
image3087.jpg,1
image3088.jpg,1
image3089.jpg,5
image3090.jpg,3
image3091.jpg,1
image3092.jpg,1
image3093.jpg,1
image3094.jpg,4
image3095.jpg,5
image3096.jpg,1
image3097.jpg,1
image3098.jpg,3
image3099.jpg,1
image3100.jpg,1
image3101.jpg,1
image3102.jpg,1
image3103.jpg,1
image3104.jpg,2
image3105.jpg,1
image3106.jpg,1
image3107.jpg,1
image3108.jpg,1
image3109.jpg,1
image3110.jpg,1
image3111.jpg,1
image3112.jpg,1
image3113.jpg,1
image3114.jpg,5
image3115.jpg,5
image3116.jpg,1
image3117.jpg,1
image3118.jpg,1
image3119.jpg,1
image3120.jpg,1
image3121.jpg,5
image3122.jpg,1
image3123.jpg,1
image3124.jpg,1
image3125.jpg,1
image3126.jpg,3
image3127.jpg,1
image3128.jpg,1
image3129.jpg,1
image3130.jpg,1
image3131.jpg,1
image3132.jpg,1
image3133.jpg,1
image3134.jpg,1
image3135.jpg,1
image3136.jpg,2
image3137.jpg,1
image3138.jpg,5
image3139.jpg,1
image3140.jpg,5
image3141.jpg,1
image3142.jpg,5
image3143.jpg,1
image3144.jpg,3
image3145.jpg,1
image3146.jpg,1
image3147.jpg,1
image3148.jpg,1
image3149.jpg,1
image3150.jpg,3
image3151.jpg,1
image3152.jpg,3
image3153.jpg,1
image3154.jpg,1
image3155.jpg,1
image3156.jpg,1
image3157.jpg,1
image3158.jpg,1
image3159.jpg,1
image3160.jpg,1
image3161.jpg,1
image3162.jpg,1
image3163.jpg,3
image3164.jpg,1
image3165.jpg,1
image3166.jpg,1
image3167.jpg,1
image3168.jpg,1
image3169.jpg,1
image3170.jpg,1
image3171.jpg,1
image3172.jpg,1
image3173.jpg,1
image3174.jpg,5
image3175.jpg,5
image3176.jpg,1
image3177.jpg,1
image3178.jpg,1
image3179.jpg,1
image3180.jpg,1
image3181.jpg,1
image3182.jpg,1
image3183.jpg,1
image3184.jpg,1
image3185.jpg,1
image3186.jpg,1
image3187.jpg,3
image3188.jpg,1
image3189.jpg,1
image3190.jpg,5
image3191.jpg,5
image3192.jpg,3
image3193.jpg,1
image3194.jpg,1
image3195.jpg,5
image3196.jpg,3
image3197.jpg,1
image3198.jpg,1
image3199.jpg,2
image3200.jpg,1
image3201.jpg,2
image3202.jpg,5
image3203.jpg,1
image3204.jpg,1
image3205.jpg,3
image3206.jpg,1
image3207.jpg,1
image3208.jpg,1
image3209.jpg,5
image3210.jpg,1
image3211.jpg,1
image3212.jpg,1
image3213.jpg,1
image3214.jpg,1
image3215.jpg,1
image3216.jpg,1
image3217.jpg,1
image3218.jpg,1
image3219.jpg,1
image3220.jpg,1
image3221.jpg,1
image3222.jpg,1
image3223.jpg,1
image3224.jpg,1
image3225.jpg,1
image3226.jpg,1
image3227.jpg,1
image3228.jpg,1
image3229.jpg,1
image3230.jpg,1
image3231.jpg,1
image3232.jpg,5
image3233.jpg,1
image3234.jpg,1
image3235.jpg,1
image3236.jpg,2
image3237.jpg,1
image3238.jpg,1
image3239.jpg,1
image3240.jpg,1
image3241.jpg,3
image3242.jpg,1
image3243.jpg,1
image3244.jpg,1
image3245.jpg,1
image3246.jpg,1
image3247.jpg,1
image3248.jpg,1
image3249.jpg,1
image3250.jpg,1
image3251.jpg,3
image3252.jpg,1
image3253.jpg,5
image3254.jpg,1
image3255.jpg,1
image3256.jpg,1
image3257.jpg,1
image3258.jpg,5
image3259.jpg,1
image3260.jpg,1
image3261.jpg,5
image3262.jpg,1
image3263.jpg,1
image3264.jpg,1
image3265.jpg,1
image3266.jpg,1
image3267.jpg,1
image3268.jpg,1
image3269.jpg,1
image3270.jpg,1
image3271.jpg,5
image3272.jpg,1
image3273.jpg,1
image3274.jpg,1
image3275.jpg,1
image3276.jpg,1
image3277.jpg,1
image3278.jpg,1
image3279.jpg,1
image3280.jpg,5
image3281.jpg,1
image3282.jpg,5
image3283.jpg,1
image3284.jpg,1
image3285.jpg,1
image3286.jpg,2
image3287.jpg,1
image3288.jpg,1
image3289.jpg,1
image3290.jpg,1
image3291.jpg,1
image3292.jpg,1
image3293.jpg,1
image3294.jpg,2
image3295.jpg,1
image3296.jpg,1
image3297.jpg,1
image3298.jpg,5
image3299.jpg,4
image3300.jpg,1
image3301.jpg,1
image3302.jpg,1
image3303.jpg,1
image3304.jpg,5
image3305.jpg,1
image3306.jpg,1
image3307.jpg,1
image3308.jpg,3
image3309.jpg,3
image3310.jpg,1
image3311.jpg,2
image3312.jpg,1
image3313.jpg,1
image3314.jpg,1
image3315.jpg,1
image3316.jpg,3
image3317.jpg,5
image3318.jpg,5
image3319.jpg,1
image3320.jpg,3
image3321.jpg,5
image3322.jpg,1
image3323.jpg,1
image3324.jpg,1
image3325.jpg,1
image3326.jpg,5
image3327.jpg,1
image3328.jpg,2
image3329.jpg,1
image3330.jpg,5
image3331.jpg,5
image3332.jpg,1
image3333.jpg,5
image3334.jpg,1
image3335.jpg,1
image3336.jpg,3
image3337.jpg,5
image3338.jpg,1
image3339.jpg,1
image3340.jpg,1
image3341.jpg,1
image3342.jpg,1
image3343.jpg,5
image3344.jpg,1
image3345.jpg,1
image3346.jpg,1
image3347.jpg,3
image3348.jpg,1
image3349.jpg,1
image3350.jpg,1
image3351.jpg,1
image3352.jpg,1
image3353.jpg,1
image3354.jpg,1
image3355.jpg,1
image3356.jpg,1
image3357.jpg,1
image3358.jpg,1
image3359.jpg,1
image3360.jpg,2
image3361.jpg,1
image3362.jpg,1
image3363.jpg,3
image3364.jpg,3
image3365.jpg,1
image3366.jpg,1
image3367.jpg,3
image3368.jpg,1
image3369.jpg,5
image3370.jpg,3
image3371.jpg,1
image3372.jpg,1
image3373.jpg,1
image3374.jpg,1
image3375.jpg,1
image3376.jpg,1
image3377.jpg,3
image3378.jpg,1
image3379.jpg,1
image3380.jpg,1
image3381.jpg,1
image3382.jpg,1
image3383.jpg,1
image3384.jpg,1
image3385.jpg,5
image3386.jpg,3
image3387.jpg,1
image3388.jpg,1
image3389.jpg,5
image3390.jpg,5
image3391.jpg,5
image3392.jpg,1
image3393.jpg,1
image3394.jpg,1
image3395.jpg,5
image3396.jpg,3
image3397.jpg,1
image3398.jpg,4
image3399.jpg,1
image3400.jpg,1
image3401.jpg,2
image3402.jpg,1
image3403.jpg,1
image3404.jpg,5
image3405.jpg,1
image3406.jpg,1
image3407.jpg,1
image3408.jpg,1
image3409.jpg,1
image3410.jpg,2
image3411.jpg,1
image3412.jpg,1
image3413.jpg,1
image3414.jpg,1
image3415.jpg,1
image3416.jpg,1
image3417.jpg,5
image3418.jpg,1
image3419.jpg,1
image3420.jpg,1
image3421.jpg,4
image3422.jpg,1
image3423.jpg,2
image3424.jpg,1
image3425.jpg,5
image3426.jpg,5
image3427.jpg,1
image3428.jpg,1
image3429.jpg,4
image3430.jpg,1
image3431.jpg,1
image3432.jpg,1
image3433.jpg,1
image3434.jpg,1
image3435.jpg,1
image3436.jpg,1
image3437.jpg,5
image3438.jpg,1
image3439.jpg,1
image3440.jpg,1
image3441.jpg,5
image3442.jpg,1
image3443.jpg,1
image3444.jpg,1
image3445.jpg,1
image3446.jpg,1
image3447.jpg,1
image3448.jpg,1
image3449.jpg,1
image3450.jpg,1
image3451.jpg,1
image3452.jpg,1
image3453.jpg,1
image3454.jpg,2
image3455.jpg,3
image3456.jpg,4
image3457.jpg,1
image3458.jpg,1
image3459.jpg,1
image3460.jpg,1
image3461.jpg,1
image3462.jpg,3
image3463.jpg,1
image3464.jpg,5
image3465.jpg,1
image3466.jpg,2
image3467.jpg,2
image3468.jpg,1
image3469.jpg,3
image3470.jpg,1
image3471.jpg,1
image3472.jpg,1
image3473.jpg,5
image3474.jpg,1
image3475.jpg,1
image3476.jpg,2
image3477.jpg,1
image3478.jpg,1
image3479.jpg,1
image3480.jpg,5
image3481.jpg,1
image3482.jpg,1
image3483.jpg,1
image3484.jpg,3
image3485.jpg,1
image3486.jpg,5
image3487.jpg,1
image3488.jpg,1
image3489.jpg,1
image3490.jpg,1
image3491.jpg,1
image3492.jpg,1
image3493.jpg,1
image3494.jpg,1
image3495.jpg,1
image3496.jpg,1
image3497.jpg,3
image3498.jpg,1
image3499.jpg,3
image3500.jpg,1
image3501.jpg,5
image3502.jpg,1
image3503.jpg,1
image3504.jpg,1
image3505.jpg,1
image3506.jpg,1
image3507.jpg,1
image3508.jpg,1
image3509.jpg,1
image3510.jpg,2
image3511.jpg,1
image3512.jpg,1
image3513.jpg,2
image3514.jpg,1
image3515.jpg,1
image3516.jpg,1
image3517.jpg,5
image3518.jpg,1
image3519.jpg,1
image3520.jpg,1
image3521.jpg,1
image3522.jpg,1
image3523.jpg,1
image3524.jpg,1
image3525.jpg,1
image3526.jpg,5
image3527.jpg,1
image3528.jpg,2
image3529.jpg,1
image3530.jpg,1
image3531.jpg,5
image3532.jpg,1
image3533.jpg,1
image3534.jpg,1
image3535.jpg,1
image3536.jpg,1
image3537.jpg,3
image3538.jpg,1
image3539.jpg,1
image3540.jpg,1
image3541.jpg,1
image3542.jpg,3
image3543.jpg,1
image3544.jpg,1
image3545.jpg,1
image3546.jpg,1
image3547.jpg,5
image3548.jpg,1
image3549.jpg,1
image3550.jpg,1
image3551.jpg,1
image3552.jpg,1
image3553.jpg,1
image3554.jpg,1
image3555.jpg,1
image3556.jpg,1
image3557.jpg,1
image3558.jpg,1
image3559.jpg,1
image3560.jpg,1
image3561.jpg,1
image3562.jpg,4
image3563.jpg,1
image3564.jpg,1
image3565.jpg,1
image3566.jpg,3
image3567.jpg,1
image3568.jpg,5
image3569.jpg,1
image3570.jpg,5
image3571.jpg,1
image3572.jpg,2
image3573.jpg,1
image3574.jpg,1
image3575.jpg,1
image3576.jpg,3
image3577.jpg,1
image3578.jpg,5
image3579.jpg,3
image3580.jpg,5
image3581.jpg,1
image3582.jpg,1
image3583.jpg,1
image3584.jpg,5
image3585.jpg,1
image3586.jpg,1
image3587.jpg,3
image3588.jpg,1
image3589.jpg,1
image3590.jpg,1
image3591.jpg,5
image3592.jpg,2
image3593.jpg,1
image3594.jpg,1
image3595.jpg,1
image3596.jpg,1
image3597.jpg,1
image3598.jpg,1
image3599.jpg,1
image3600.jpg,3
image3601.jpg,1
image3602.jpg,1
image3603.jpg,1
image3604.jpg,1
image3605.jpg,1
image3606.jpg,5
image3607.jpg,2
image3608.jpg,1
image3609.jpg,1
image3610.jpg,1
image3611.jpg,1
image3612.jpg,1
image3613.jpg,1
image3614.jpg,1
image3615.jpg,1
image3616.jpg,1
image3617.jpg,1
image3618.jpg,1
image3619.jpg,1
image3620.jpg,3
image3621.jpg,5
image3622.jpg,1
image3623.jpg,1
image3624.jpg,1
image3625.jpg,1
image3626.jpg,1
image3627.jpg,1
image3628.jpg,3
image3629.jpg,1
image3630.jpg,1
image3631.jpg,2
image3632.jpg,1
image3633.jpg,3
image3634.jpg,1
image3635.jpg,1
image3636.jpg,5
image3637.jpg,1
image3638.jpg,5
image3639.jpg,5
image3640.jpg,1
image3641.jpg,1
image3642.jpg,1
image3643.jpg,1
image3644.jpg,5
image3645.jpg,5
image3646.jpg,1
image3647.jpg,1
image3648.jpg,1
image3649.jpg,4
image3650.jpg,1
image3651.jpg,1
image3652.jpg,1
image3653.jpg,1
image3654.jpg,1
image3655.jpg,1
image3656.jpg,2
image3657.jpg,5
image3658.jpg,5
image3659.jpg,1
image3660.jpg,1
image3661.jpg,1
image3662.jpg,3
image3663.jpg,1
image3664.jpg,1
image3665.jpg,1
image3666.jpg,1
image3667.jpg,1
image3668.jpg,5
image3669.jpg,1
image3670.jpg,3
image3671.jpg,1
image3672.jpg,5
image3673.jpg,1
image3674.jpg,2
image3675.jpg,1
image3676.jpg,1
image3677.jpg,1
image3678.jpg,1
image3679.jpg,1
image3680.jpg,1
image3681.jpg,3
image3682.jpg,1
image3683.jpg,5
image3684.jpg,3
image3685.jpg,5
image3686.jpg,1
image3687.jpg,1
image3688.jpg,1
image3689.jpg,1
image3690.jpg,1
image3691.jpg,1
image3692.jpg,1
image3693.jpg,1
image3694.jpg,1
image3695.jpg,1
image3696.jpg,4
image3697.jpg,1
image3698.jpg,1
image3699.jpg,3
image3700.jpg,1
image3701.jpg,1
image3702.jpg,1
image3703.jpg,1
image3704.jpg,1
image3705.jpg,3
image3706.jpg,1
image3707.jpg,5
image3708.jpg,5
image3709.jpg,1
image3710.jpg,1
image3711.jpg,1
image3712.jpg,1
image3713.jpg,3
image3714.jpg,1
image3715.jpg,1
image3716.jpg,3
image3717.jpg,1
image3718.jpg,5
image3719.jpg,1
image3720.jpg,1
image3721.jpg,3
image3722.jpg,1
image3723.jpg,1
image3724.jpg,3
image3725.jpg,1
image3726.jpg,1
image3727.jpg,1
image3728.jpg,3
image3729.jpg,1
image3730.jpg,3
image3731.jpg,1
image3732.jpg,1
image3733.jpg,1
image3734.jpg,2
image3735.jpg,2
image3736.jpg,1
image3737.jpg,1
image3738.jpg,2
image3739.jpg,1
image3740.jpg,3
image3741.jpg,1
image3742.jpg,1
image3743.jpg,1
image3744.jpg,5
image3745.jpg,1
image3746.jpg,1
image3747.jpg,1
image3748.jpg,1
image3749.jpg,1
image3750.jpg,1
image3751.jpg,5
image3752.jpg,3
image3753.jpg,1
image3754.jpg,1
image3755.jpg,1
image3756.jpg,1
image3757.jpg,1
image3758.jpg,1
image3759.jpg,1
image3760.jpg,5
image3761.jpg,1
image3762.jpg,1
image3763.jpg,2
image3764.jpg,3
image3765.jpg,5
image3766.jpg,1
image3767.jpg,1
image3768.jpg,1
image3769.jpg,1
image3770.jpg,1
image3771.jpg,1
image3772.jpg,1
image3773.jpg,1
image3774.jpg,1
image3775.jpg,1
image3776.jpg,3
image3777.jpg,1
image3778.jpg,1
image3779.jpg,1
image3780.jpg,1
image3781.jpg,1
image3782.jpg,1
image3783.jpg,1
image3784.jpg,1
image3785.jpg,5
image3786.jpg,1
image3787.jpg,1
image3788.jpg,1
image3789.jpg,1
image3790.jpg,1
image3791.jpg,1
image3792.jpg,3
image3793.jpg,3
image3794.jpg,1
image3795.jpg,1
image3796.jpg,1
image3797.jpg,1
image3798.jpg,1
image3799.jpg,1
image3800.jpg,4
image3801.jpg,1
image3802.jpg,1
image3803.jpg,1
image3804.jpg,1
image3805.jpg,1
image3806.jpg,1
image3807.jpg,1
image3808.jpg,1
image3809.jpg,1
image3810.jpg,2
image3811.jpg,1
image3812.jpg,1
image3813.jpg,1
image3814.jpg,5
image3815.jpg,1
image3816.jpg,5
image3817.jpg,1
image3818.jpg,1
image3819.jpg,1
image3820.jpg,2
image3821.jpg,1
image3822.jpg,4
image3823.jpg,1
image3824.jpg,1
image3825.jpg,3
image3826.jpg,1
image3827.jpg,1
image3828.jpg,5
image3829.jpg,2
image3830.jpg,5
image3831.jpg,1
image3832.jpg,1
image3833.jpg,1
image3834.jpg,1
image3835.jpg,1
image3836.jpg,4
image3837.jpg,1
image3838.jpg,1
image3839.jpg,1
image3840.jpg,1
image3841.jpg,3
image3842.jpg,3
image3843.jpg,4
image3844.jpg,1
image3845.jpg,1
image3846.jpg,1
image3847.jpg,1
image3848.jpg,1
image3849.jpg,5
image3850.jpg,1
image3851.jpg,1
image3852.jpg,1
image3853.jpg,1
image3854.jpg,1
image3855.jpg,1
image3856.jpg,1
image3857.jpg,1
image3858.jpg,2
image3859.jpg,1
image3860.jpg,1
image3861.jpg,1
image3862.jpg,1
image3863.jpg,1
image3864.jpg,1
image3865.jpg,1
image3866.jpg,1
image3867.jpg,3
image3868.jpg,1
image3869.jpg,1
image3870.jpg,1
image3871.jpg,1
image3872.jpg,1
image3873.jpg,1
image3874.jpg,1
image3875.jpg,1
image3876.jpg,1
image3877.jpg,1
image3878.jpg,1
image3879.jpg,1
image3880.jpg,1
image3881.jpg,1
image3882.jpg,3
image3883.jpg,1
image3884.jpg,1
image3885.jpg,2
image3886.jpg,1
image3887.jpg,1
image3888.jpg,1
image3889.jpg,1
image3890.jpg,1
image3891.jpg,1
image3892.jpg,1
image3893.jpg,1
image3894.jpg,1
image3895.jpg,1
image3896.jpg,5
image3897.jpg,1
image3898.jpg,1
image3899.jpg,5
image3900.jpg,1
image3901.jpg,1
image3902.jpg,1
image3903.jpg,2
image3904.jpg,2
image3905.jpg,1
image3906.jpg,1
image3907.jpg,1
image3908.jpg,1
image3909.jpg,1
image3910.jpg,5
image3911.jpg,5
image3912.jpg,1
image3913.jpg,1
image3914.jpg,1
image3915.jpg,1
image3916.jpg,1
image3917.jpg,1
image3918.jpg,1
image3919.jpg,1
image3920.jpg,5
image3921.jpg,1
image3922.jpg,1
image3923.jpg,2
image3924.jpg,1
image3925.jpg,1
image3926.jpg,1
image3927.jpg,1
image3928.jpg,1
image3929.jpg,1
image3930.jpg,1
image3931.jpg,1
image3932.jpg,3
image3933.jpg,3
image3934.jpg,1
image3935.jpg,1
image3936.jpg,1
image3937.jpg,1
image3938.jpg,1
image3939.jpg,1
image3940.jpg,2
image3941.jpg,5
image3942.jpg,1
image3943.jpg,1
image3944.jpg,1
image3945.jpg,1
image3946.jpg,2
image3947.jpg,1
image3948.jpg,1
image3949.jpg,1
image3950.jpg,1
image3951.jpg,1
image3952.jpg,1
image3953.jpg,1
image3954.jpg,3
image3955.jpg,1
image3956.jpg,1
image3957.jpg,1
image3958.jpg,1
image3959.jpg,1
image3960.jpg,1
image3961.jpg,1
image3962.jpg,1
image3963.jpg,1
image3964.jpg,1
image3965.jpg,1
image3966.jpg,1
image3967.jpg,1
image3968.jpg,1
image3969.jpg,1
image3970.jpg,1
image3971.jpg,1
image3972.jpg,1
image3973.jpg,5
image3974.jpg,1
image3975.jpg,1
image3976.jpg,2
image3977.jpg,5
image3978.jpg,1
image3979.jpg,1
image3980.jpg,1
image3981.jpg,1
image3982.jpg,1
image3983.jpg,1
image3984.jpg,1
image3985.jpg,3
image3986.jpg,1
image3987.jpg,1
image3988.jpg,1
image3989.jpg,1
image3990.jpg,3
image3991.jpg,1
image3992.jpg,1
image3993.jpg,1
image3994.jpg,1
image3995.jpg,2
image3996.jpg,1
image3997.jpg,1
image3998.jpg,3
image3999.jpg,1
image4000.jpg,1
image4001.jpg,1
image4002.jpg,5
image4003.jpg,1
image4004.jpg,1
image4005.jpg,1
image4006.jpg,5
image4007.jpg,2
image4008.jpg,1
image4009.jpg,1
image4010.jpg,1
image4011.jpg,1
image4012.jpg,1
image4013.jpg,1
image4014.jpg,1
image4015.jpg,5
image4016.jpg,1
image4017.jpg,1
image4018.jpg,1
image4019.jpg,1
image4020.jpg,1
image4021.jpg,1
image4022.jpg,1
image4023.jpg,4
image4024.jpg,1
image4025.jpg,1
image4026.jpg,1
image4027.jpg,1
image4028.jpg,1
image4029.jpg,4
image4030.jpg,1
image4031.jpg,1
image4032.jpg,1
image4033.jpg,2
image4034.jpg,1
image4035.jpg,1
image4036.jpg,1
image4037.jpg,1
image4038.jpg,1
image4039.jpg,1
image4040.jpg,1
image4041.jpg,1
image4042.jpg,1
image4043.jpg,1
image4044.jpg,1
image4045.jpg,1
image4046.jpg,3
image4047.jpg,1
image4048.jpg,1
image4049.jpg,1
image4050.jpg,1
image4051.jpg,1
image4052.jpg,1
image4053.jpg,5
image4054.jpg,5
image4055.jpg,1
image4056.jpg,1
image4057.jpg,1
image4058.jpg,5
image4059.jpg,1
image4060.jpg,1
image4061.jpg,1
image4062.jpg,1
image4063.jpg,1
image4064.jpg,5
image4065.jpg,1
image4066.jpg,4
image4067.jpg,5
image4068.jpg,1
image4069.jpg,1
image4070.jpg,1
image4071.jpg,3
image4072.jpg,1
image4073.jpg,1
image4074.jpg,5
image4075.jpg,1
image4076.jpg,1
image4077.jpg,1
image4078.jpg,1
image4079.jpg,1
image4080.jpg,2
image4081.jpg,1
image4082.jpg,1
image4083.jpg,5
image4084.jpg,1
image4085.jpg,1
image4086.jpg,1
image4087.jpg,1
image4088.jpg,2
image4089.jpg,1
image4090.jpg,1
image4091.jpg,1
image4092.jpg,1
image4093.jpg,3
image4094.jpg,1
image4095.jpg,1
image4096.jpg,1
image4097.jpg,1
image4098.jpg,5
image4099.jpg,1
image4100.jpg,1
image4101.jpg,1
image4102.jpg,1
image4103.jpg,1
image4104.jpg,1
image4105.jpg,1
image4106.jpg,1
image4107.jpg,5
image4108.jpg,1
image4109.jpg,1
image4110.jpg,1
image4111.jpg,1
image4112.jpg,5
image4113.jpg,1
image4114.jpg,1
image4115.jpg,3
image4116.jpg,1
image4117.jpg,1
image4118.jpg,2
image4119.jpg,1
image4120.jpg,1
image4121.jpg,1
image4122.jpg,1
image4123.jpg,1
image4124.jpg,1
image4125.jpg,1
image4126.jpg,1
image4127.jpg,3
image4128.jpg,1
image4129.jpg,1
image4130.jpg,1
image4131.jpg,3
image4132.jpg,3
image4133.jpg,1
image4134.jpg,1
image4135.jpg,1
image4136.jpg,4
image4137.jpg,1
image4138.jpg,1
image4139.jpg,3
image4140.jpg,3
image4141.jpg,1
image4142.jpg,1
image4143.jpg,1
image4144.jpg,1
image4145.jpg,1
image4146.jpg,1
image4147.jpg,1
image4148.jpg,1
image4149.jpg,1
image4150.jpg,1
image4151.jpg,1
image4152.jpg,1
image4153.jpg,5
image4154.jpg,1
image4155.jpg,4
image4156.jpg,1
image4157.jpg,1
image4158.jpg,2
image4159.jpg,5
image4160.jpg,3
image4161.jpg,1
image4162.jpg,1
image4163.jpg,2
image4164.jpg,1
image4165.jpg,5
image4166.jpg,1
image4167.jpg,1
image4168.jpg,1
image4169.jpg,3
image4170.jpg,1
image4171.jpg,1
image4172.jpg,1
image4173.jpg,1
image4174.jpg,1
image4175.jpg,3
image4176.jpg,1
image4177.jpg,1
image4178.jpg,1
image4179.jpg,1
image4180.jpg,1
image4181.jpg,1
image4182.jpg,1
image4183.jpg,1
image4184.jpg,1
image4185.jpg,5
image4186.jpg,1
image4187.jpg,1
image4188.jpg,1
image4189.jpg,1
image4190.jpg,5
image4191.jpg,1
image4192.jpg,1
image4193.jpg,1
image4194.jpg,1
image4195.jpg,1
image4196.jpg,5
image4197.jpg,1
image4198.jpg,1
image4199.jpg,1
image4200.jpg,1
image4201.jpg,1
image4202.jpg,1
image4203.jpg,5
image4204.jpg,1
image4205.jpg,5
image4206.jpg,1
image4207.jpg,1
image4208.jpg,1
image4209.jpg,1
image4210.jpg,1
image4211.jpg,1
image4212.jpg,1
image4213.jpg,2
image4214.jpg,1
image4215.jpg,1
image4216.jpg,3
image4217.jpg,1
image4218.jpg,1
image4219.jpg,3
image4220.jpg,2
image4221.jpg,2
image4222.jpg,1
image4223.jpg,1
image4224.jpg,1
image4225.jpg,1
image4226.jpg,1
image4227.jpg,1
image4228.jpg,1
image4229.jpg,2
image4230.jpg,5
image4231.jpg,1
image4232.jpg,1
image4233.jpg,2
image4234.jpg,1
image4235.jpg,1
image4236.jpg,3
image4237.jpg,5
image4238.jpg,3
image4239.jpg,1
image4240.jpg,1
image4241.jpg,1
image4242.jpg,3
image4243.jpg,1
image4244.jpg,1
image4245.jpg,4
image4246.jpg,1
image4247.jpg,1
image4248.jpg,1
image4249.jpg,2
image4250.jpg,1
image4251.jpg,1
image4252.jpg,1
image4253.jpg,1
image4254.jpg,5
image4255.jpg,1
image4256.jpg,1
image4257.jpg,1
image4258.jpg,1
image4259.jpg,3
image4260.jpg,1
image4261.jpg,1
image4262.jpg,1
image4263.jpg,1
image4264.jpg,1
image4265.jpg,1
image4266.jpg,1
image4267.jpg,1
image4268.jpg,1
image4269.jpg,1
image4270.jpg,1
image4271.jpg,1
image4272.jpg,1
image4273.jpg,3
image4274.jpg,1
image4275.jpg,1
image4276.jpg,3
image4277.jpg,5
image4278.jpg,5
image4279.jpg,1
image4280.jpg,1
image4281.jpg,2
image4282.jpg,1
image4283.jpg,1
image4284.jpg,1
image4285.jpg,1
image4286.jpg,4
image4287.jpg,3
image4288.jpg,1
image4289.jpg,1
image4290.jpg,3
image4291.jpg,5
image4292.jpg,1
image4293.jpg,1
image4294.jpg,1
image4295.jpg,1
image4296.jpg,1
image4297.jpg,1
image4298.jpg,5
image4299.jpg,1
image4300.jpg,1
image4301.jpg,1
image4302.jpg,1
image4303.jpg,1
image4304.jpg,1
image4305.jpg,1
image4306.jpg,3
image4307.jpg,1
image4308.jpg,5
image4309.jpg,1
image4310.jpg,2
image4311.jpg,1
image4312.jpg,5
image4313.jpg,5
image4314.jpg,5
image4315.jpg,1
image4316.jpg,5
image4317.jpg,2
image4318.jpg,1
image4319.jpg,3
image4320.jpg,1
image4321.jpg,1
image4322.jpg,1
image4323.jpg,5
image4324.jpg,1
image4325.jpg,1
image4326.jpg,1
image4327.jpg,5
image4328.jpg,1
image4329.jpg,1
image4330.jpg,1
image4331.jpg,1
image4332.jpg,1
image4333.jpg,3
image4334.jpg,1
image4335.jpg,1
image4336.jpg,1
image4337.jpg,1
image4338.jpg,1
image4339.jpg,2
image4340.jpg,1
image4341.jpg,1
image4342.jpg,5
image4343.jpg,1
image4344.jpg,2
image4345.jpg,1
image4346.jpg,1
image4347.jpg,1
image4348.jpg,1
image4349.jpg,1
image4350.jpg,1
image4351.jpg,1
image4352.jpg,1
image4353.jpg,3
image4354.jpg,1
image4355.jpg,1
image4356.jpg,1
image4357.jpg,1
image4358.jpg,1
image4359.jpg,1
image4360.jpg,2
image4361.jpg,1
image4362.jpg,1
image4363.jpg,1
image4364.jpg,1
image4365.jpg,1
image4366.jpg,1
image4367.jpg,1
image4368.jpg,2
image4369.jpg,1
image4370.jpg,1
image4371.jpg,3
image4372.jpg,4
image4373.jpg,1
image4374.jpg,1
image4375.jpg,1
image4376.jpg,1
image4377.jpg,2
image4378.jpg,1
image4379.jpg,1
image4380.jpg,1
image4381.jpg,1
image4382.jpg,1
image4383.jpg,3
image4384.jpg,1
image4385.jpg,1
image4386.jpg,1
image4387.jpg,2
image4388.jpg,1
image4389.jpg,1
image4390.jpg,2
image4391.jpg,1
image4392.jpg,1
image4393.jpg,1
image4394.jpg,1
image4395.jpg,1
image4396.jpg,1
image4397.jpg,1
image4398.jpg,1
image4399.jpg,1
image4400.jpg,1
image4401.jpg,1
image4402.jpg,1
image4403.jpg,1
image4404.jpg,1
image4405.jpg,5
image4406.jpg,1
image4407.jpg,1
image4408.jpg,1
image4409.jpg,1
image4410.jpg,1
image4411.jpg,1
image4412.jpg,3
image4413.jpg,1
image4414.jpg,1
image4415.jpg,3
image4416.jpg,1
image4417.jpg,1
image4418.jpg,1
image4419.jpg,1
image4420.jpg,1
image4421.jpg,3
image4422.jpg,1
image4423.jpg,1
image4424.jpg,3
image4425.jpg,1
image4426.jpg,1
image4427.jpg,4
image4428.jpg,1
image4429.jpg,1
image4430.jpg,1
image4431.jpg,1
image4432.jpg,1
image4433.jpg,1
image4434.jpg,1
image4435.jpg,1
image4436.jpg,1
image4437.jpg,1
image4438.jpg,3
image4439.jpg,3
image4440.jpg,1
image4441.jpg,1
image4442.jpg,1
image4443.jpg,1
image4444.jpg,1
image4445.jpg,4
image4446.jpg,1
image4447.jpg,1
image4448.jpg,1
image4449.jpg,1
image4450.jpg,5
image4451.jpg,1
image4452.jpg,1
image4453.jpg,1
image4454.jpg,1
image4455.jpg,1
image4456.jpg,1
image4457.jpg,3
image4458.jpg,1
image4459.jpg,5
image4460.jpg,1
image4461.jpg,1
image4462.jpg,1
image4463.jpg,1
image4464.jpg,1
image4465.jpg,1
image4466.jpg,5
image4467.jpg,1
image4468.jpg,5
image4469.jpg,2
image4470.jpg,1
image4471.jpg,5
image4472.jpg,1
image4473.jpg,1
image4474.jpg,1
image4475.jpg,1
image4476.jpg,2
image4477.jpg,1
image4478.jpg,1
image4479.jpg,1
image4480.jpg,1
image4481.jpg,1
image4482.jpg,1
image4483.jpg,1
image4484.jpg,5
image4485.jpg,1
image4486.jpg,1
image4487.jpg,1
image4488.jpg,1
image4489.jpg,1
image4490.jpg,1
image4491.jpg,1
image4492.jpg,1
image4493.jpg,1
image4494.jpg,1
image4495.jpg,1
image4496.jpg,2
image4497.jpg,1
image4498.jpg,1
image4499.jpg,1
image4500.jpg,1
image4501.jpg,1
image4502.jpg,1
image4503.jpg,1
image4504.jpg,1
image4505.jpg,1
image4506.jpg,1
image4507.jpg,1
image4508.jpg,1
image4509.jpg,1
image4510.jpg,1
image4511.jpg,3
image4512.jpg,1
image4513.jpg,2
image4514.jpg,1
image4515.jpg,2
image4516.jpg,1
image4517.jpg,1
image4518.jpg,1
image4519.jpg,1
image4520.jpg,1
image4521.jpg,1
image4522.jpg,5
image4523.jpg,4
image4524.jpg,3
image4525.jpg,1
image4526.jpg,1
image4527.jpg,1
image4528.jpg,3
image4529.jpg,1
image4530.jpg,1
image4531.jpg,1
image4532.jpg,1
image4533.jpg,3
image4534.jpg,1
image4535.jpg,5
image4536.jpg,1
image4537.jpg,1
image4538.jpg,1
image4539.jpg,1
image4540.jpg,1
image4541.jpg,1
image4542.jpg,1
image4543.jpg,1
image4544.jpg,1
image4545.jpg,1
image4546.jpg,4
image4547.jpg,1
image4548.jpg,1
image4549.jpg,1
image4550.jpg,1
image4551.jpg,1
image4552.jpg,1
image4553.jpg,1
image4554.jpg,1
image4555.jpg,1
image4556.jpg,1
image4557.jpg,1
image4558.jpg,1
image4559.jpg,3
image4560.jpg,1
image4561.jpg,1
image4562.jpg,1
image4563.jpg,1
image4564.jpg,4
image4565.jpg,3
image4566.jpg,1
image4567.jpg,1
image4568.jpg,1
image4569.jpg,1
image4570.jpg,1
image4571.jpg,1
image4572.jpg,1
image4573.jpg,1
image4574.jpg,1
image4575.jpg,1
image4576.jpg,5
image4577.jpg,2
image4578.jpg,1
image4579.jpg,1
image4580.jpg,1
image4581.jpg,1
image4582.jpg,1
image4583.jpg,1
image4584.jpg,2
image4585.jpg,1
image4586.jpg,1
image4587.jpg,1
image4588.jpg,1
image4589.jpg,1
image4590.jpg,1
image4591.jpg,1
image4592.jpg,1
image4593.jpg,1
image4594.jpg,1
image4595.jpg,1
image4596.jpg,1
image4597.jpg,1
image4598.jpg,3
image4599.jpg,1
image4600.jpg,1
image4601.jpg,1
image4602.jpg,1
image4603.jpg,5
image4604.jpg,1
image4605.jpg,5
image4606.jpg,5
image4607.jpg,1
image4608.jpg,1
image4609.jpg,1
image4610.jpg,1
image4611.jpg,1
image4612.jpg,1
image4613.jpg,1
image4614.jpg,1
image4615.jpg,1
image4616.jpg,3
image4617.jpg,1
image4618.jpg,1
image4619.jpg,1
image4620.jpg,3
image4621.jpg,1
image4622.jpg,1
image4623.jpg,2
image4624.jpg,1
image4625.jpg,1
image4626.jpg,1
image4627.jpg,2
image4628.jpg,1
image4629.jpg,2
image4630.jpg,1
image4631.jpg,3
image4632.jpg,1
image4633.jpg,3
image4634.jpg,1
image4635.jpg,1
image4636.jpg,1
image4637.jpg,1
image4638.jpg,1
image4639.jpg,1
image4640.jpg,1
image4641.jpg,1
image4642.jpg,1
image4643.jpg,1
image4644.jpg,1
image4645.jpg,1
image4646.jpg,2
image4647.jpg,1
image4648.jpg,1
image4649.jpg,3
image4650.jpg,1
image4651.jpg,1
image4652.jpg,1
image4653.jpg,1
image4654.jpg,1
image4655.jpg,1
image4656.jpg,1
image4657.jpg,1
image4658.jpg,5
image4659.jpg,1
image4660.jpg,1
image4661.jpg,1
image4662.jpg,1
image4663.jpg,1
image4664.jpg,2
image4665.jpg,1
image4666.jpg,1
image4667.jpg,1
image4668.jpg,1
image4669.jpg,1
image4670.jpg,1
image4671.jpg,5
image4672.jpg,1
image4673.jpg,1
image4674.jpg,1
image4675.jpg,4
image4676.jpg,1
image4677.jpg,1
image4678.jpg,1
image4679.jpg,1
image4680.jpg,1
image4681.jpg,1
image4682.jpg,1
image4683.jpg,1
image4684.jpg,1
image4685.jpg,1
image4686.jpg,1
image4687.jpg,1
image4688.jpg,1
image4689.jpg,1
image4690.jpg,5
image4691.jpg,3
image4692.jpg,1
image4693.jpg,1
image4694.jpg,1
image4695.jpg,1
image4696.jpg,1
image4697.jpg,5
image4698.jpg,3
image4699.jpg,5
image4700.jpg,1
image4701.jpg,1
image4702.jpg,1
image4703.jpg,1
image4704.jpg,1
image4705.jpg,3
image4706.jpg,1
image4707.jpg,1
image4708.jpg,1
image4709.jpg,3
image4710.jpg,3
image4711.jpg,1
image4712.jpg,1
image4713.jpg,1
image4714.jpg,1
image4715.jpg,1
image4716.jpg,5
image4717.jpg,1
image4718.jpg,1
image4719.jpg,1
image4720.jpg,1
image4721.jpg,5
image4722.jpg,1
image4723.jpg,1
image4724.jpg,2
image4725.jpg,1
image4726.jpg,3
image4727.jpg,1
image4728.jpg,1
image4729.jpg,2
image4730.jpg,1
image4731.jpg,1
image4732.jpg,3
image4733.jpg,1
image4734.jpg,1
image4735.jpg,1
image4736.jpg,1
image4737.jpg,1
image4738.jpg,1
image4739.jpg,1
image4740.jpg,1
image4741.jpg,1
image4742.jpg,1
image4743.jpg,2
image4744.jpg,3
image4745.jpg,1
image4746.jpg,2
image4747.jpg,1
image4748.jpg,1
image4749.jpg,1
image4750.jpg,1
image4751.jpg,1
image4752.jpg,1
image4753.jpg,2
image4754.jpg,5
image4755.jpg,1
image4756.jpg,1
image4757.jpg,3
image4758.jpg,1
image4759.jpg,1
image4760.jpg,1
image4761.jpg,4
image4762.jpg,1
image4763.jpg,1
image4764.jpg,2
image4765.jpg,5
image4766.jpg,5
image4767.jpg,1
image4768.jpg,1
image4769.jpg,1
image4770.jpg,5
image4771.jpg,3
image4772.jpg,3
image4773.jpg,5
image4774.jpg,1
image4775.jpg,2
image4776.jpg,3
image4777.jpg,3
image4778.jpg,3
image4779.jpg,1
image4780.jpg,1
image4781.jpg,2
image4782.jpg,1
image4783.jpg,3
image4784.jpg,1
image4785.jpg,1
image4786.jpg,1
image4787.jpg,3
image4788.jpg,5
image4789.jpg,1
image4790.jpg,1
image4791.jpg,1
image4792.jpg,3
image4793.jpg,1
image4794.jpg,5
image4795.jpg,1
image4796.jpg,1
image4797.jpg,1
image4798.jpg,1
image4799.jpg,1
image4800.jpg,1
image4801.jpg,1
image4802.jpg,1
image4803.jpg,5
image4804.jpg,1
image4805.jpg,1
image4806.jpg,5
image4807.jpg,1
image4808.jpg,3
image4809.jpg,1
image4810.jpg,1
image4811.jpg,1
image4812.jpg,1
image4813.jpg,5
image4814.jpg,1
image4815.jpg,1
image4816.jpg,1
image4817.jpg,1
image4818.jpg,1
image4819.jpg,2
image4820.jpg,1
image4821.jpg,1
image4822.jpg,1
image4823.jpg,1
image4824.jpg,5
image4825.jpg,3
image4826.jpg,1
image4827.jpg,1
image4828.jpg,1
image4829.jpg,1
image4830.jpg,1
image4831.jpg,1
image4832.jpg,1
image4833.jpg,2
image4834.jpg,2
image4835.jpg,1
image4836.jpg,1
image4837.jpg,1
image4838.jpg,1
image4839.jpg,1
image4840.jpg,5
image4841.jpg,1
image4842.jpg,1
image4843.jpg,1
image4844.jpg,1
image4845.jpg,1
image4846.jpg,1
image4847.jpg,5
image4848.jpg,1
image4849.jpg,1
image4850.jpg,1
image4851.jpg,1
image4852.jpg,3
image4853.jpg,1
image4854.jpg,5
image4855.jpg,1
image4856.jpg,1
image4857.jpg,3
image4858.jpg,1
image4859.jpg,1
image4860.jpg,1
image4861.jpg,1
image4862.jpg,1
image4863.jpg,1
image4864.jpg,1
image4865.jpg,1
image4866.jpg,5
image4867.jpg,1
image4868.jpg,1
image4869.jpg,1
image4870.jpg,1
image4871.jpg,1
image4872.jpg,5
image4873.jpg,5
image4874.jpg,1
image4875.jpg,3
image4876.jpg,1
image4877.jpg,1
image4878.jpg,5
image4879.jpg,3
image4880.jpg,1
image4881.jpg,2
image4882.jpg,5
image4883.jpg,1
image4884.jpg,1
image4885.jpg,1
image4886.jpg,1
image4887.jpg,3
image4888.jpg,1
image4889.jpg,1
image4890.jpg,1
image4891.jpg,1
image4892.jpg,1
image4893.jpg,1
image4894.jpg,1
image4895.jpg,1
image4896.jpg,5
image4897.jpg,3
image4898.jpg,1
image4899.jpg,1
image4900.jpg,1
image4901.jpg,1
image4902.jpg,1
image4903.jpg,1
image4904.jpg,1
image4905.jpg,1
image4906.jpg,3
image4907.jpg,1
image4908.jpg,1
image4909.jpg,1
image4910.jpg,4
image4911.jpg,2
image4912.jpg,1
image4913.jpg,1
image4914.jpg,3
image4915.jpg,1
image4916.jpg,1
image4917.jpg,5
image4918.jpg,3
image4919.jpg,1
image4920.jpg,1
image4921.jpg,1
image4922.jpg,1
image4923.jpg,1
image4924.jpg,1
image4925.jpg,1
image4926.jpg,1
image4927.jpg,2
image4928.jpg,3
image4929.jpg,1
image4930.jpg,1
image4931.jpg,1
image4932.jpg,1
image4933.jpg,1
image4934.jpg,1
image4935.jpg,5
image4936.jpg,1
image4937.jpg,1
image4938.jpg,1
image4939.jpg,1
image4940.jpg,1
image4941.jpg,1
image4942.jpg,1
image4943.jpg,1
image4944.jpg,1
image4945.jpg,3
image4946.jpg,1
image4947.jpg,1
image4948.jpg,1
image4949.jpg,1
image4950.jpg,2
image4951.jpg,5
image4952.jpg,1
image4953.jpg,3
image4954.jpg,2
image4955.jpg,1
image4956.jpg,1
image4957.jpg,1
image4958.jpg,3
image4959.jpg,1
image4960.jpg,1
image4961.jpg,1
image4962.jpg,1
image4963.jpg,1
image4964.jpg,5
image4965.jpg,3
image4966.jpg,1
image4967.jpg,1
image4968.jpg,1
image4969.jpg,5
image4970.jpg,1
image4971.jpg,5
image4972.jpg,1
image4973.jpg,1
image4974.jpg,1
image4975.jpg,1
image4976.jpg,1
image4977.jpg,1
image4978.jpg,3
image4979.jpg,1
image4980.jpg,1
image4981.jpg,3
image4982.jpg,5
image4983.jpg,1
image4984.jpg,2
image4985.jpg,1
image4986.jpg,3
image4987.jpg,1
image4988.jpg,1
image4989.jpg,2
image4990.jpg,4
image4991.jpg,1
image4992.jpg,1
image4993.jpg,1
image4994.jpg,1
image4995.jpg,1
image4996.jpg,1
image4997.jpg,1
image4998.jpg,5
image4999.jpg,1
